form_id,time,time_since_prev,obs_v,obs_c,lemma_id,principal_part_id,dialect_group
deihen-_1,1611,0.0,1,1,1,1,Upper German
deihen-_1,1650,39.0,1,1,1,1,Upper German
deihen-_1,1664,14.0,1,1,1,1,Central German
deihen-_1,1664,0.0,1,1,1,1,Central German
deihen-_1,1684,20.0,1,1,1,1,Upper German
deihen-_1,1734,50.0,1,1,1,1,Central German
deihen-_1,1756,22.0,1,1,1,1,Central German
dîhen_1,1050,0.0,1,1,2,1,Upper German
dîhen_1,1065,15.0,1,1,2,1,Upper German
dîhen_1,1065,0.0,1,1,2,1,Upper German
dîhen_1,1130,65.0,1,1,2,1,Upper German
dîhen_1,1130,0.0,1,1,2,1,Upper German
dîhen_1,1150,20.0,1,1,2,1,Upper German
dîhen_1,1160,10.0,1,0,2,1,Central German
dîhen_1,1225,65.0,1,1,2,1,Central German
dîhen_1,1275,50.0,1,1,2,1,Upper German
dîhen_1,1347,72.0,1,1,2,1,Upper German
dîhen_2,1050,0.0,1,1,2,2,Upper German
dîhen_2,1130,80.0,1,1,2,2,Upper German
dîhen_2,1150,20.0,1,1,2,2,Upper German
dîhen_2,1225,75.0,1,1,2,2,Central German
dîhen_2,1250,25.0,1,1,2,2,Upper German
dîhen_2,1269,19.0,1,1,2,2,Central German
dîhen_2,1325,56.0,1,1,2,2,Central German
dîhen_4,1200,0.0,1,1,2,4,Upper German
dîhen_4,1250,50.0,1,1,2,4,Upper German
dîhen_4,1250,0.0,1,1,2,4,Upper German
dîhen_4,1341,91.0,1,1,2,4,Upper German
dîhen_4,1347,6.0,1,1,2,4,Upper German
fliehen_1,1325,0.0,1,1,3,1,Low German
fliehen_1,1375,50.0,1,1,3,1,Upper German
fliehen_1,1375,0.0,1,1,3,1,Upper German
fliehen_1,1400,25.0,1,1,3,1,Upper German
fliehen_1,1463,63.0,1,1,3,1,Upper German
fliehen_1,1463,0.0,1,1,3,1,Upper German
fliehen_1,1475,12.0,1,1,3,1,Upper German
fliehen_1,1475,0.0,0,1,3,1,Low German
fliehen_1,1475,0.0,1,1,3,1,Central German
fliehen_1,1475,0.0,1,1,3,1,Central German
fliehen_1,1475,0.0,1,1,3,1,Central German
fliehen_1,1486,11.0,1,1,3,1,Upper German
fliehen_1,1490,4.0,1,1,3,1,Upper German
fliehen_1,1490,0.0,1,1,3,1,Upper German
fliehen_1,1498,8.0,1,1,3,1,Upper German
fliehen_1,1499,1.0,1,1,3,1,Central German
fliehen_1,1525,26.0,1,1,3,1,Central German
fliehen_1,1525,0.0,1,1,3,1,Central German
fliehen_1,1525,0.0,1,1,3,1,Central German
fliehen_1,1556,31.0,1,1,3,1,Central German
fliehen_1,1557,1.0,1,1,3,1,Upper German
fliehen_1,1557,0.0,1,1,3,1,Upper German
fliehen_1,1578,21.0,1,1,3,1,Upper German
fliehen_1,1599,21.0,1,1,3,1,Central German
fliehen_1,1650,51.0,1,1,3,1,Upper German
fliehen_1,1653,3.0,1,1,3,1,Central German
fliehen_2,1378,0.0,1,0,3,2,Central German
fliehen_2,1400,22.0,1,1,3,2,Upper German
fliehen_2,1400,0.0,1,1,3,2,Upper German
fliehen_2,1475,75.0,1,1,3,2,Central German
fliehen_2,1498,23.0,1,1,3,2,Upper German
fliehen_2,1499,1.0,1,1,3,2,Central German
fliehen_2,1599,100.0,1,1,3,2,Central German
fliehen_2,1668,69.0,1,1,3,2,Upper German
fliehen_3,1325,0.0,0,1,3,3,Low German
fliehen_3,1325,0.0,0,0,3,3,Upper German
fliehen_3,1325,0.0,1,1,3,3,Upper German
fliehen_3,1350,25.0,1,0,3,3,Upper German
fliehen_3,1350,0.0,1,1,3,3,Upper German
fliehen_3,1350,0.0,0,0,3,3,Upper German
fliehen_3,1350,0.0,1,1,3,3,Upper German
fliehen_3,1375,25.0,1,0,3,3,Upper German
fliehen_3,1375,0.0,1,1,3,3,Upper German
fliehen_3,1375,0.0,1,0,3,3,Upper German
fliehen_3,1378,3.0,1,0,3,3,Central German
fliehen_3,1392,14.0,1,0,3,3,Upper German
fliehen_3,1396,4.0,1,0,3,3,Central German
fliehen_3,1400,4.0,1,0,3,3,Upper German
fliehen_3,1400,0.0,1,0,3,3,Upper German
fliehen_3,1450,50.0,1,0,3,3,Upper German
fliehen_3,1450,0.0,1,1,3,3,Upper German
fliehen_3,1450,0.0,1,0,3,3,Upper German
fliehen_3,1463,13.0,1,0,3,3,Upper German
fliehen_3,1475,12.0,1,0,3,3,Upper German
fliehen_3,1475,0.0,1,1,3,3,Upper German
fliehen_3,1475,0.0,1,0,3,3,Upper German
fliehen_3,1475,0.0,1,0,3,3,Upper German
fliehen_3,1475,0.0,1,1,3,3,Upper German
fliehen_3,1475,0.0,1,0,3,3,Upper German
fliehen_3,1475,0.0,1,1,3,3,Upper German
fliehen_3,1475,0.0,1,1,3,3,Upper German
fliehen_3,1475,0.0,1,0,3,3,Upper German
fliehen_3,1475,0.0,1,1,3,3,Upper German
fliehen_3,1475,0.0,1,0,3,3,Upper German
fliehen_3,1475,0.0,1,1,3,3,Upper German
fliehen_3,1475,0.0,1,0,3,3,Upper German
fliehen_3,1475,0.0,0,1,3,3,Upper German
fliehen_3,1475,0.0,1,0,3,3,Upper German
fliehen_3,1475,0.0,1,1,3,3,Upper German
fliehen_3,1475,0.0,1,0,3,3,Upper German
fliehen_3,1475,0.0,1,0,3,3,Upper German
fliehen_3,1475,0.0,1,1,3,3,Upper German
fliehen_3,1475,0.0,1,0,3,3,Upper German
fliehen_3,1475,0.0,0,1,3,3,Upper German
fliehen_3,1475,0.0,1,0,3,3,Upper German
fliehen_3,1475,0.0,1,1,3,3,Upper German
fliehen_3,1475,0.0,0,1,3,3,Central German
fliehen_3,1475,0.0,1,1,3,3,Central German
fliehen_3,1475,0.0,1,0,3,3,Upper German
fliehen_3,1475,0.0,1,0,3,3,Upper German
fliehen_3,1475,0.0,1,0,3,3,Upper German
fliehen_3,1475,0.0,1,1,3,3,Upper German
fliehen_3,1475,0.0,1,1,3,3,Upper German
fliehen_3,1475,0.0,1,1,3,3,Upper German
fliehen_3,1475,0.0,1,0,3,3,Upper German
fliehen_3,1475,0.0,1,1,3,3,Upper German
fliehen_3,1475,0.0,1,0,3,3,Upper German
fliehen_3,1475,0.0,1,0,3,3,Upper German
fliehen_3,1475,0.0,1,1,3,3,Upper German
fliehen_3,1475,0.0,1,1,3,3,Upper German
fliehen_3,1475,0.0,1,0,3,3,Upper German
fliehen_3,1475,0.0,0,0,3,3,Upper German
fliehen_3,1525,50.0,0,0,3,3,Upper German
fliehen_3,1525,0.0,1,1,3,3,Upper German
fliehen_3,1525,0.0,1,0,3,3,Upper German
fliehen_3,1525,0.0,1,1,3,3,Central German
fliehen_3,1550,25.0,1,0,3,3,Upper German
fliehen_3,1550,0.0,1,1,3,3,Upper German
fliehen_3,1557,7.0,0,1,3,3,Upper German
fliehen_3,1557,0.0,0,0,3,3,Upper German
fliehen_3,1599,42.0,0,0,3,3,Central German
fliehen_3,1660,61.0,0,0,3,3,Upper German
fliehen_4,1325,0.0,1,0,3,4,Upper German
fliehen_4,1350,25.0,1,0,3,4,Upper German
fliehen_4,1450,100.0,1,0,3,4,Upper German
fliehen_4,1475,25.0,1,0,3,4,Upper German
fliehen_4,1475,0.0,1,0,3,4,Upper German
fliehen_4,1475,0.0,1,0,3,4,Upper German
fliehen_4,1475,0.0,1,0,3,4,Upper German
fliehen_4,1475,0.0,1,0,3,4,Upper German
fliehen_4,1475,0.0,0,0,3,4,Upper German
fliehen_4,1475,0.0,1,0,3,4,Upper German
fliehen_4,1475,0.0,1,1,3,4,Upper German
fliehen_4,1475,0.0,1,0,3,4,Upper German
fliehen_4,1498,23.0,1,0,3,4,Upper German
fliehen_4,1525,27.0,1,0,3,4,Upper German
fliehen_4,1525,0.0,1,0,3,4,Upper German
fliehen_4,1557,32.0,1,0,3,4,Upper German
fliehen_4,1650,93.0,1,1,3,4,Upper German
fliehen_4,1684,34.0,1,0,3,4,Upper German
frieren_1,1486,0.0,1,0,4,1,Upper German
frieren_1,1490,4.0,1,0,4,1,Upper German
frieren_1,1498,8.0,1,1,4,1,Upper German
frieren_1,1498,0.0,1,0,4,1,Upper German
frieren_4,1499,0.0,1,1,4,4,Central German
frieren_4,1557,58.0,1,1,4,4,Upper German
kiesen2_1,1325,0.0,1,1,5,1,Upper German
kiesen2_1,1325,0.0,1,1,5,1,Upper German
kiesen2_1,1360,35.0,1,1,5,1,Upper German
kiesen2_1,1375,15.0,1,1,5,1,Low German
kiesen2_1,1378,3.0,1,1,5,1,Central German
kiesen2_1,1390,12.0,1,1,5,1,Upper German
kiesen2_1,1390,0.0,1,1,5,1,Upper German
kiesen2_1,1390,0.0,1,1,5,1,Upper German
kiesen2_1,1396,6.0,1,1,5,1,Central German
kiesen2_1,1475,79.0,1,1,5,1,Upper German
kiesen2_3,1375,0.0,1,1,5,3,Upper German
kiesen2_3,1396,21.0,0,1,5,3,Central German
kiesen2_3,1475,79.0,0,1,5,3,Central German
kiesen2_3,1668,193.0,0,0,5,3,Upper German
kiesen2_4,1378,0.0,1,1,5,4,Central German
kiesen2_4,1396,18.0,1,1,5,4,Central German
kiesen2_4,1599,203.0,1,1,5,4,Central German
kiesen2_4,1606,7.0,0,0,5,4,Central German
kiesen2_4,1668,62.0,1,1,5,4,Upper German
kiesen2_4,1678,10.0,1,1,5,4,Upper German
kièsen_1,1050,0.0,1,1,6,1,Upper German
kièsen_1,1050,0.0,1,1,6,1,Upper German
kièsen_1,1050,0.0,1,1,6,1,Upper German
kièsen_1,1050,0.0,1,1,6,1,Upper German
kièsen_1,1065,15.0,1,1,6,1,Upper German
kièsen_1,1070,5.0,1,1,6,1,Upper German
kièsen_1,1100,30.0,1,1,6,1,Central German
kièsen_1,1125,25.0,1,1,6,1,Upper German
kièsen_1,1140,15.0,1,1,6,1,Upper German
kièsen_1,1140,0.0,1,1,6,1,Central German
kièsen_1,1140,0.0,1,1,6,1,Central German
kièsen_1,1140,0.0,1,1,6,1,Central German
kièsen_1,1140,0.0,1,1,6,1,Upper German
kièsen_1,1140,0.0,1,1,6,1,Upper German
kièsen_1,1140,0.0,1,1,6,1,Central German
kièsen_1,1140,0.0,1,1,6,1,Central German
kièsen_1,1140,0.0,1,1,6,1,Central German
kièsen_1,1140,0.0,1,1,6,1,Upper German
kièsen_1,1140,0.0,0,1,6,1,Upper German
kièsen_1,1140,0.0,1,1,6,1,Upper German
kièsen_1,1140,0.0,1,1,6,1,Upper German
kièsen_1,1150,10.0,1,1,6,1,Upper German
kièsen_1,1150,0.0,1,1,6,1,Upper German
kièsen_1,1150,0.0,1,1,6,1,Upper German
kièsen_1,1150,0.0,1,1,6,1,Upper German
kièsen_1,1150,0.0,1,1,6,1,Upper German
kièsen_1,1150,0.0,1,1,6,1,Upper German
kièsen_1,1150,0.0,1,1,6,1,Upper German
kièsen_1,1150,0.0,1,1,6,1,Upper German
kièsen_1,1150,0.0,1,1,6,1,Upper German
kièsen_1,1160,10.0,1,1,6,1,Central German
kièsen_1,1160,0.0,1,1,6,1,Central German
kièsen_1,1160,0.0,1,1,6,1,Central German
kièsen_1,1160,0.0,1,1,6,1,Central German
kièsen_1,1160,0.0,1,1,6,1,Upper German
kièsen_1,1172,12.0,1,1,6,1,Upper German
kièsen_1,1172,0.0,1,1,6,1,Upper German
kièsen_1,1172,0.0,1,1,6,1,Upper German
kièsen_1,1172,0.0,1,1,6,1,Central German
kièsen_1,1180,8.0,0,1,6,1,Upper German
kièsen_1,1190,10.0,1,1,6,1,Upper German
kièsen_1,1190,0.0,0,1,6,1,Upper German
kièsen_1,1190,0.0,1,1,6,1,Upper German
kièsen_1,1190,0.0,1,1,6,1,Upper German
kièsen_1,1190,0.0,1,1,6,1,Upper German
kièsen_1,1190,0.0,1,1,6,1,Upper German
kièsen_1,1195,5.0,1,1,6,1,Upper German
kièsen_1,1200,5.0,1,1,6,1,Upper German
kièsen_1,1200,0.0,1,1,6,1,Upper German
kièsen_1,1200,0.0,1,1,6,1,Upper German
kièsen_1,1200,0.0,1,1,6,1,Upper German
kièsen_1,1200,0.0,1,1,6,1,Upper German
kièsen_1,1200,0.0,1,1,6,1,Upper German
kièsen_1,1210,10.0,1,1,6,1,Upper German
kièsen_1,1210,0.0,1,1,6,1,Upper German
kièsen_1,1220,10.0,1,1,6,1,Upper German
kièsen_1,1220,0.0,1,1,6,1,Upper German
kièsen_1,1225,5.0,1,1,6,1,Upper German
kièsen_1,1225,0.0,1,1,6,1,Upper German
kièsen_1,1225,0.0,1,1,6,1,Upper German
kièsen_1,1225,0.0,1,1,6,1,Upper German
kièsen_1,1225,0.0,1,1,6,1,Upper German
kièsen_1,1225,0.0,1,1,6,1,Upper German
kièsen_1,1225,0.0,1,1,6,1,Central German
kièsen_1,1225,0.0,1,1,6,1,Central German
kièsen_1,1225,0.0,1,1,6,1,Upper German
kièsen_1,1225,0.0,1,1,6,1,Central German
kièsen_1,1225,0.0,1,1,6,1,Central German
kièsen_1,1225,0.0,1,1,6,1,Upper German
kièsen_1,1225,0.0,1,1,6,1,Upper German
kièsen_1,1225,0.0,1,1,6,1,Central German
kièsen_1,1250,25.0,1,1,6,1,Central German
kièsen_1,1250,0.0,0,1,6,1,Central German
kièsen_1,1250,0.0,1,1,6,1,Upper German
kièsen_1,1250,0.0,1,1,6,1,Upper German
kièsen_1,1250,0.0,1,1,6,1,Central German
kièsen_1,1250,0.0,1,0,6,1,Central German
kièsen_1,1250,0.0,1,1,6,1,Central German
kièsen_1,1250,0.0,1,1,6,1,Central German
kièsen_1,1250,0.0,1,1,6,1,Central German
kièsen_1,1250,0.0,0,1,6,1,Central German
kièsen_1,1250,0.0,1,1,6,1,Central German
kièsen_1,1250,0.0,1,1,6,1,Upper German
kièsen_1,1272,22.0,1,1,6,1,Upper German
kièsen_1,1275,3.0,1,0,6,1,Upper German
kièsen_1,1275,0.0,1,1,6,1,Upper German
kièsen_1,1275,0.0,1,1,6,1,Upper German
kièsen_1,1280,5.0,1,1,6,1,Upper German
kièsen_1,1285,5.0,1,1,6,1,Upper German
kièsen_1,1293,8.0,1,1,6,1,Upper German
kièsen_1,1300,7.0,1,1,6,1,Upper German
kièsen_1,1300,0.0,1,1,6,1,Upper German
kièsen_1,1321,21.0,1,1,6,1,Central German
kièsen_1,1321,0.0,1,1,6,1,Central German
kièsen_1,1321,0.0,0,1,6,1,Central German
kièsen_1,1321,0.0,1,1,6,1,Central German
kièsen_1,1325,4.0,1,1,6,1,Central German
kièsen_1,1341,16.0,1,1,6,1,Upper German
kièsen_1,1342,1.0,1,1,6,1,Upper German
kièsen_1,1342,0.0,1,1,6,1,Upper German
kièsen_1,1350,8.0,1,1,6,1,Central German
kièsen_1,1350,0.0,1,1,6,1,Central German
kièsen_2,1050,0.0,1,1,6,2,Upper German
kièsen_2,1050,0.0,1,1,6,2,Upper German
kièsen_2,1080,30.0,1,1,6,2,Central German
kièsen_2,1100,20.0,1,1,6,2,Upper German
kièsen_2,1120,20.0,1,1,6,2,Upper German
kièsen_2,1125,5.0,1,1,6,2,Upper German
kièsen_2,1125,0.0,1,1,6,2,Upper German
kièsen_2,1130,5.0,1,1,6,2,Upper German
kièsen_2,1140,10.0,1,1,6,2,Central German
kièsen_2,1140,0.0,1,1,6,2,Upper German
kièsen_2,1140,0.0,1,1,6,2,Central German
kièsen_2,1140,0.0,1,1,6,2,Upper German
kièsen_2,1150,10.0,1,1,6,2,Upper German
kièsen_2,1150,0.0,1,1,6,2,Upper German
kièsen_2,1150,0.0,1,1,6,2,Upper German
kièsen_2,1150,0.0,1,1,6,2,Upper German
kièsen_2,1150,0.0,1,1,6,2,Upper German
kièsen_2,1160,10.0,1,1,6,2,Upper German
kièsen_2,1160,0.0,1,1,6,2,Upper German
kièsen_2,1172,12.0,1,1,6,2,Upper German
kièsen_2,1172,0.0,1,1,6,2,Upper German
kièsen_2,1175,3.0,1,1,6,2,Upper German
kièsen_2,1180,5.0,1,1,6,2,Upper German
kièsen_2,1180,0.0,1,1,6,2,Upper German
kièsen_2,1180,0.0,1,1,6,2,Upper German
kièsen_2,1180,0.0,1,1,6,2,Upper German
kièsen_2,1190,10.0,1,1,6,2,Upper German
kièsen_2,1190,0.0,1,1,6,2,Upper German
kièsen_2,1190,0.0,1,1,6,2,Upper German
kièsen_2,1195,5.0,1,1,6,2,Upper German
kièsen_2,1200,5.0,1,1,6,2,Central German
kièsen_2,1200,0.0,1,1,6,2,Upper German
kièsen_2,1200,0.0,1,1,6,2,Upper German
kièsen_2,1210,10.0,1,1,6,2,Upper German
kièsen_2,1210,0.0,1,1,6,2,Upper German
kièsen_2,1225,15.0,1,1,6,2,Central German
kièsen_2,1225,0.0,1,1,6,2,Upper German
kièsen_2,1225,0.0,1,1,6,2,Central German
kièsen_2,1225,0.0,1,1,6,2,Upper German
kièsen_2,1225,0.0,1,1,6,2,Upper German
kièsen_2,1250,25.0,1,1,6,2,Central German
kièsen_2,1250,0.0,1,1,6,2,Upper German
kièsen_2,1250,0.0,1,1,6,2,Upper German
kièsen_2,1250,0.0,1,1,6,2,Upper German
kièsen_2,1250,0.0,1,1,6,2,Upper German
kièsen_2,1250,0.0,1,1,6,2,Upper German
kièsen_2,1250,0.0,1,1,6,2,Upper German
kièsen_2,1250,0.0,1,1,6,2,Central German
kièsen_2,1269,19.0,1,1,6,2,Central German
kièsen_2,1269,0.0,1,1,6,2,Central German
kièsen_2,1275,6.0,1,1,6,2,Upper German
kièsen_2,1293,18.0,1,1,6,2,Upper German
kièsen_2,1301,8.0,1,1,6,2,Upper German
kièsen_2,1325,24.0,1,1,6,2,Upper German
kièsen_2,1325,0.0,1,1,6,2,Central German
kièsen_2,1325,0.0,1,1,6,2,Central German
kièsen_2,1336,11.0,1,1,6,2,Upper German
kièsen_3,1050,0.0,1,1,6,3,Upper German
kièsen_3,1050,0.0,1,1,6,3,Upper German
kièsen_3,1050,0.0,1,1,6,3,Upper German
kièsen_3,1100,50.0,1,1,6,3,Upper German
kièsen_3,1140,40.0,1,1,6,3,Upper German
kièsen_3,1140,0.0,0,1,6,3,Central German
kièsen_3,1140,0.0,0,1,6,3,Central German
kièsen_3,1140,0.0,1,1,6,3,Upper German
kièsen_3,1150,10.0,1,1,6,3,Upper German
kièsen_3,1150,0.0,0,1,6,3,Upper German
kièsen_3,1150,0.0,1,1,6,3,Upper German
kièsen_3,1190,40.0,0,1,6,3,Upper German
kièsen_3,1210,20.0,0,1,6,3,Upper German
kièsen_3,1225,15.0,1,1,6,3,Central German
kièsen_3,1225,0.0,1,1,6,3,Upper German
kièsen_3,1225,0.0,1,1,6,3,Central German
kièsen_3,1240,15.0,0,1,6,3,Upper German
kièsen_3,1250,10.0,0,1,6,3,Central German
kièsen_3,1275,25.0,1,1,6,3,Upper German
kièsen_3,1275,0.0,1,1,6,3,Upper German
kièsen_3,1293,18.0,0,1,6,3,Upper German
kièsen_3,1301,8.0,0,1,6,3,Upper German
kièsen_3,1301,0.0,0,1,6,3,Upper German
kièsen_3,1325,24.0,0,1,6,3,Upper German
kièsen_3,1347,22.0,1,1,6,3,Upper German
kièsen_4,1050,0.0,1,1,6,4,Upper German
kièsen_4,1125,75.0,1,1,6,4,Upper German
kièsen_4,1127,2.0,1,1,6,4,Upper German
kièsen_4,1130,3.0,1,1,6,4,Upper German
kièsen_4,1130,0.0,1,1,6,4,Upper German
kièsen_4,1140,10.0,1,1,6,4,Upper German
kièsen_4,1140,0.0,1,1,6,4,Central German
kièsen_4,1140,0.0,1,1,6,4,Upper German
kièsen_4,1140,0.0,1,1,6,4,Upper German
kièsen_4,1140,0.0,1,1,6,4,Central German
kièsen_4,1150,10.0,1,1,6,4,Upper German
kièsen_4,1150,0.0,1,0,6,4,Central German
kièsen_4,1150,0.0,1,1,6,4,Upper German
kièsen_4,1150,0.0,1,1,6,4,Upper German
kièsen_4,1150,0.0,1,1,6,4,Upper German
kièsen_4,1150,0.0,1,1,6,4,Upper German
kièsen_4,1150,0.0,1,1,6,4,Upper German
kièsen_4,1150,0.0,1,1,6,4,Upper German
kièsen_4,1160,10.0,1,1,6,4,Upper German
kièsen_4,1160,0.0,1,1,6,4,Upper German
kièsen_4,1160,0.0,1,1,6,4,Upper German
kièsen_4,1172,12.0,1,1,6,4,Upper German
kièsen_4,1172,0.0,1,1,6,4,Upper German
kièsen_4,1172,0.0,1,1,6,4,Upper German
kièsen_4,1172,0.0,1,1,6,4,Central German
kièsen_4,1190,18.0,1,1,6,4,Upper German
kièsen_4,1200,10.0,1,1,6,4,Central German
kièsen_4,1200,0.0,1,1,6,4,Upper German
kièsen_4,1200,0.0,1,1,6,4,Upper German
kièsen_4,1200,0.0,1,1,6,4,Upper German
kièsen_4,1210,10.0,1,1,6,4,Upper German
kièsen_4,1210,0.0,1,1,6,4,Upper German
kièsen_4,1220,10.0,1,1,6,4,Upper German
kièsen_4,1220,0.0,1,1,6,4,Upper German
kièsen_4,1225,5.0,1,1,6,4,Central German
kièsen_4,1225,0.0,1,1,6,4,Central German
kièsen_4,1225,0.0,1,1,6,4,Upper German
kièsen_4,1225,0.0,1,1,6,4,Central German
kièsen_4,1225,0.0,1,1,6,4,Upper German
kièsen_4,1225,0.0,1,1,6,4,Upper German
kièsen_4,1225,0.0,1,1,6,4,Central German
kièsen_4,1240,15.0,1,1,6,4,Upper German
kièsen_4,1250,10.0,1,1,6,4,Upper German
kièsen_4,1250,0.0,1,1,6,4,Central German
kièsen_4,1250,0.0,1,1,6,4,Upper German
kièsen_4,1250,0.0,1,1,6,4,Central German
kièsen_4,1250,0.0,1,1,6,4,Upper German
kièsen_4,1250,0.0,1,1,6,4,Upper German
kièsen_4,1250,0.0,1,1,6,4,Central German
kièsen_4,1250,0.0,1,1,6,4,Upper German
kièsen_4,1250,0.0,1,1,6,4,Central German
kièsen_4,1250,0.0,1,1,6,4,Central German
kièsen_4,1250,0.0,1,1,6,4,Central German
kièsen_4,1269,19.0,1,1,6,4,Central German
kièsen_4,1275,6.0,1,1,6,4,Upper German
kièsen_4,1278,3.0,1,1,6,4,Central German
kièsen_4,1293,15.0,1,1,6,4,Upper German
kièsen_4,1295,2.0,1,1,6,4,Central German
kièsen_4,1298,3.0,1,1,6,4,Central German
kièsen_4,1300,2.0,1,1,6,4,Central German
kièsen_4,1300,0.0,1,1,6,4,Upper German
kièsen_4,1301,1.0,1,1,6,4,Upper German
kièsen_4,1325,24.0,1,1,6,4,Upper German
kièsen_4,1325,0.0,1,1,6,4,Central German
kièsen_4,1325,0.0,1,1,6,4,Central German
kièsen_4,1325,0.0,1,1,6,4,Upper German
kièsen_4,1325,0.0,1,1,6,4,Central German
kièsen_4,1325,0.0,1,1,6,4,Upper German
kièsen_4,1325,0.0,1,1,6,4,Central German
kièsen_4,1325,0.0,1,1,6,4,Upper German
kièsen_4,1342,17.0,1,1,6,4,Upper German
kièsen_4,1350,8.0,1,1,6,4,Central German
kièsen_4,1350,0.0,1,1,6,4,Central German
leihen_1,1325,0.0,1,1,7,1,Upper German
leihen_1,1375,50.0,1,0,7,1,Upper German
leihen_1,1375,0.0,1,0,7,1,Upper German
leihen_1,1378,3.0,1,1,7,1,Central German
leihen_1,1463,85.0,1,1,7,1,Upper German
leihen_1,1463,0.0,1,1,7,1,Upper German
leihen_1,1475,12.0,1,0,7,1,Upper German
leihen_1,1475,0.0,1,1,7,1,Central German
leihen_1,1475,0.0,1,1,7,1,Central German
leihen_1,1475,0.0,1,1,7,1,Central German
leihen_1,1497,22.0,1,1,7,1,Upper German
leihen_1,1498,1.0,1,1,7,1,Upper German
leihen_1,1499,1.0,1,1,7,1,Central German
leihen_1,1525,26.0,1,1,7,1,Central German
leihen_1,1547,22.0,1,1,7,1,Central German
leihen_1,1547,0.0,1,1,7,1,Central German
leihen_1,1550,3.0,1,1,7,1,Central German
leihen_1,1550,0.0,1,1,7,1,Central German
leihen_1,1550,0.0,1,1,7,1,Upper German
leihen_1,1556,6.0,1,1,7,1,Upper German
leihen_1,1556,0.0,1,1,7,1,Upper German
leihen_1,1561,5.0,1,1,7,1,Upper German
leihen_1,1563,2.0,1,1,7,1,Upper German
leihen_1,1570,7.0,1,1,7,1,Central German
leihen_1,1571,1.0,1,1,7,1,Upper German
leihen_1,1571,0.0,1,1,7,1,Upper German
leihen_1,1573,2.0,1,1,7,1,Upper German
leihen_1,1585,12.0,1,1,7,1,Upper German
leihen_1,1591,6.0,1,1,7,1,Upper German
leihen_1,1603,12.0,1,1,7,1,Upper German
leihen_1,1604,1.0,1,1,7,1,Central German
leihen_1,1607,3.0,1,1,7,1,Upper German
leihen_1,1608,1.0,1,1,7,1,Central German
leihen_1,1609,1.0,1,1,7,1,Upper German
leihen_1,1609,0.0,1,1,7,1,Central German
leihen_1,1610,1.0,1,1,7,1,Upper German
leihen_1,1611,1.0,1,1,7,1,Upper German
leihen_1,1614,3.0,1,1,7,1,Upper German
leihen_1,1678,64.0,1,1,7,1,Central German
leihen_1,1680,2.0,1,1,7,1,Central German
leihen_1,1684,4.0,1,1,7,1,Upper German
leihen_1,1698,14.0,1,1,7,1,Upper German
leihen_3,1568,0.0,1,0,7,3,Upper German
leihen_3,1660,92.0,1,0,7,3,Upper German
leihen_3,1668,8.0,0,1,7,3,Upper German
leihen_4,1325,0.0,1,0,7,4,Upper German
leihen_4,1360,35.0,0,0,7,4,Upper German
leihen_4,1384,24.0,1,0,7,4,Upper German
leihen_4,1396,12.0,1,0,7,4,Central German
leihen_4,1463,67.0,1,0,7,4,Upper German
leihen_4,1557,94.0,1,0,7,4,Upper German
leihen_4,1584,27.0,1,0,7,4,Upper German
leihen_4,1599,15.0,1,0,7,4,Central German
leihen_4,1664,65.0,1,0,7,4,Central German
leihen_4,1678,14.0,1,0,7,4,Upper German
lieren-_1,1325,0.0,1,1,8,1,Upper German
lieren-_1,1325,0.0,1,1,8,1,Upper German
lieren-_1,1325,0.0,1,1,8,1,Upper German
lieren-_1,1360,35.0,0,0,8,1,Upper German
lieren-_1,1378,18.0,1,1,8,1,Central German
lieren-_1,1378,0.0,1,1,8,1,Central German
lieren-_1,1378,0.0,1,1,8,1,Central German
lieren-_1,1392,14.0,1,1,8,1,Upper German
lieren-_1,1392,0.0,1,1,8,1,Upper German
lieren-_1,1400,8.0,1,0,8,1,Upper German
lieren-_1,1400,0.0,1,0,8,1,Upper German
lieren-_1,1463,63.0,1,1,8,1,Upper German
lieren-_1,1475,12.0,0,0,8,1,Upper German
lieren-_1,1486,11.0,1,0,8,1,Upper German
lieren-_1,1497,11.0,1,0,8,1,Upper German
lieren-_1,1498,1.0,1,1,8,1,Upper German
lieren-_1,1547,49.0,0,0,8,1,Central German
lieren-_1,1549,2.0,1,0,8,1,Upper German
lieren-_1,1550,1.0,1,0,8,1,Central German
lieren-_1,1551,1.0,1,0,8,1,Central German
lieren-_1,1556,5.0,1,0,8,1,Upper German
lieren-_1,1556,0.0,1,0,8,1,Central German
lieren-_1,1557,1.0,1,0,8,1,Upper German
lieren-_1,1557,0.0,1,0,8,1,Upper German
lieren-_1,1557,0.0,1,0,8,1,Upper German
lieren-_1,1578,21.0,1,0,8,1,Upper German
lieren-_1,1578,0.0,1,0,8,1,Upper German
lieren-_1,1582,4.0,1,0,8,1,Upper German
lieren-_1,1604,22.0,1,0,8,1,Upper German
lieren-_1,1612,8.0,1,0,8,1,Upper German
lieren-_1,1664,52.0,1,0,8,1,Central German
lieren-_1,1664,0.0,1,0,8,1,Central German
lieren-_1,1677,13.0,1,0,8,1,Central German
lieren-_1,1678,1.0,1,0,8,1,Central German
lieren-_1,1678,0.0,0,0,8,1,Central German
lieren-_1,1684,6.0,1,0,8,1,Upper German
lieren-_1,1684,0.0,0,0,8,1,Upper German
lieren-_1,1756,72.0,1,0,8,1,Central German
lieren-_2,1384,0.0,1,1,8,2,Upper German
lieren-_2,1392,8.0,1,1,8,2,Upper German
lieren-_2,1400,8.0,1,0,8,2,Upper German
lieren-_2,1578,178.0,1,0,8,2,Upper German
lieren-_2,1599,21.0,1,0,8,2,Central German
lieren-_2,1650,51.0,1,0,8,2,Upper German
lieren-_2,1660,10.0,1,0,8,2,Upper German
lieren-_3,1325,0.0,1,1,8,3,Low German
lieren-_3,1375,50.0,1,1,8,3,Upper German
lieren-_3,1375,0.0,1,1,8,3,Upper German
lieren-_3,1392,17.0,1,1,8,3,Upper German
lieren-_3,1450,58.0,0,1,8,3,Central German
lieren-_3,1463,13.0,0,1,8,3,Upper German
lieren-_3,1475,12.0,1,1,8,3,Upper German
lieren-_3,1475,0.0,1,1,8,3,Upper German
lieren-_3,1525,50.0,1,0,8,3,Central German
lieren-_3,1525,0.0,1,0,8,3,Upper German
lieren-_3,1525,0.0,1,0,8,3,Upper German
lieren-_3,1525,0.0,1,0,8,3,Central German
lieren-_3,1525,0.0,1,0,8,3,Central German
lieren-_3,1570,45.0,0,1,8,3,Upper German
lieren-_3,1582,12.0,0,1,8,3,Upper German
lieren-_3,1599,17.0,0,1,8,3,Central German
lieren-_3,1668,69.0,0,1,8,3,Upper German
lieren-_3,1668,0.0,0,1,8,3,Upper German
lieren-_3,1678,10.0,0,1,8,3,Upper German
lieren-_4,1325,0.0,1,1,8,4,Low German
lieren-_4,1325,0.0,1,1,8,4,Upper German
lieren-_4,1325,0.0,1,1,8,4,Upper German
lieren-_4,1350,25.0,1,1,8,4,Upper German
lieren-_4,1350,0.0,1,1,8,4,Upper German
lieren-_4,1375,25.0,1,1,8,4,Upper German
lieren-_4,1375,0.0,0,1,8,4,Upper German
lieren-_4,1375,0.0,1,1,8,4,Upper German
lieren-_4,1375,0.0,1,1,8,4,Upper German
lieren-_4,1378,3.0,1,1,8,4,Central German
lieren-_4,1390,12.0,1,1,8,4,Upper German
lieren-_4,1396,6.0,1,1,8,4,Central German
lieren-_4,1400,4.0,1,1,8,4,Upper German
lieren-_4,1450,50.0,1,1,8,4,Central German
lieren-_4,1450,0.0,1,1,8,4,Upper German
lieren-_4,1450,0.0,1,1,8,4,Upper German
lieren-_4,1463,13.0,1,1,8,4,Upper German
lieren-_4,1475,12.0,1,1,8,4,Upper German
lieren-_4,1475,0.0,1,1,8,4,Upper German
lieren-_4,1475,0.0,1,1,8,4,Upper German
lieren-_4,1475,0.0,1,1,8,4,Upper German
lieren-_4,1475,0.0,1,1,8,4,Upper German
lieren-_4,1475,0.0,1,1,8,4,Upper German
lieren-_4,1475,0.0,1,1,8,4,Upper German
lieren-_4,1475,0.0,1,1,8,4,Upper German
lieren-_4,1475,0.0,0,1,8,4,Upper German
lieren-_4,1475,0.0,1,1,8,4,Upper German
lieren-_4,1475,0.0,1,1,8,4,Upper German
lieren-_4,1475,0.0,1,1,8,4,Central German
lieren-_4,1475,0.0,1,1,8,4,Central German
lieren-_4,1475,0.0,1,1,8,4,Central German
lieren-_4,1475,0.0,1,1,8,4,Upper German
lieren-_4,1475,0.0,1,1,8,4,Upper German
lieren-_4,1475,0.0,1,1,8,4,Upper German
lieren-_4,1475,0.0,1,1,8,4,Upper German
lieren-_4,1475,0.0,1,1,8,4,Upper German
lieren-_4,1475,0.0,1,1,8,4,Upper German
lieren-_4,1475,0.0,1,1,8,4,Upper German
lieren-_4,1475,0.0,1,1,8,4,Upper German
lieren-_4,1475,0.0,1,1,8,4,Upper German
lieren-_4,1475,0.0,1,1,8,4,Upper German
lieren-_4,1486,11.0,1,1,8,4,Upper German
lieren-_4,1490,4.0,1,1,8,4,Upper German
lieren-_4,1497,7.0,1,1,8,4,Upper German
lieren-_4,1499,2.0,1,1,8,4,Central German
lieren-_4,1525,26.0,1,1,8,4,Upper German
lieren-_4,1525,0.0,1,1,8,4,Upper German
lieren-_4,1525,0.0,1,1,8,4,Upper German
lieren-_4,1525,0.0,1,1,8,4,Central German
lieren-_4,1525,0.0,1,1,8,4,Central German
lieren-_4,1550,25.0,1,1,8,4,Upper German
lieren-_4,1557,7.0,1,1,8,4,Upper German
lieren-_4,1578,21.0,1,1,8,4,Upper German
lieren-_4,1582,4.0,1,1,8,4,Upper German
lieren-_4,1587,5.0,1,1,8,4,Upper German
lieren-_4,1650,63.0,1,1,8,4,Upper German
lieren-_4,1660,10.0,1,1,8,4,Upper German
lieren-_4,1668,8.0,1,1,8,4,Upper German
lieren-_4,1678,10.0,1,1,8,4,Upper German
lieren-_4,1684,6.0,1,1,8,4,Upper German
lieren-_4,1698,14.0,1,1,8,4,Upper German
lièsen_1,1050,0.0,1,1,9,1,Upper German
lièsen_1,1050,0.0,1,1,9,1,Upper German
lièsen_1,1050,0.0,1,1,9,1,Upper German
lièsen_1,1050,0.0,1,1,9,1,Upper German
lièsen_1,1050,0.0,0,1,9,1,Upper German
lièsen_1,1050,0.0,0,1,9,1,Upper German
lièsen_1,1063,13.0,1,1,9,1,Central German
lièsen_1,1063,0.0,1,1,9,1,Central German
lièsen_1,1075,12.0,1,1,9,1,Upper German
lièsen_1,1120,45.0,0,1,9,1,Upper German
lièsen_1,1120,0.0,1,1,9,1,Upper German
lièsen_1,1125,5.0,1,1,9,1,Upper German
lièsen_1,1125,0.0,1,1,9,1,Upper German
lièsen_1,1130,5.0,1,1,9,1,Upper German
lièsen_1,1130,0.0,1,1,9,1,Upper German
lièsen_1,1130,0.0,1,1,9,1,Upper German
lièsen_1,1140,10.0,1,1,9,1,Upper German
lièsen_1,1140,0.0,1,1,9,1,Upper German
lièsen_1,1140,0.0,1,1,9,1,Central German
lièsen_1,1140,0.0,1,1,9,1,Central German
lièsen_1,1140,0.0,1,1,9,1,Central German
lièsen_1,1140,0.0,1,1,9,1,Upper German
lièsen_1,1140,0.0,1,1,9,1,Upper German
lièsen_1,1140,0.0,1,1,9,1,Upper German
lièsen_1,1140,0.0,1,1,9,1,Upper German
lièsen_1,1140,0.0,1,1,9,1,Central German
lièsen_1,1140,0.0,1,1,9,1,Central German
lièsen_1,1140,0.0,1,1,9,1,Central German
lièsen_1,1140,0.0,1,1,9,1,Upper German
lièsen_1,1140,0.0,1,1,9,1,Upper German
lièsen_1,1140,0.0,1,1,9,1,Upper German
lièsen_1,1140,0.0,1,1,9,1,Upper German
lièsen_1,1140,0.0,1,1,9,1,Upper German
lièsen_1,1140,0.0,0,1,9,1,Upper German
lièsen_1,1140,0.0,1,1,9,1,Upper German
lièsen_1,1150,10.0,1,1,9,1,Upper German
lièsen_1,1150,0.0,1,1,9,1,Upper German
lièsen_1,1150,0.0,1,1,9,1,Upper German
lièsen_1,1150,0.0,1,1,9,1,Central German
lièsen_1,1150,0.0,0,1,9,1,Upper German
lièsen_1,1150,0.0,1,1,9,1,Central German
lièsen_1,1150,0.0,1,1,9,1,Central German
lièsen_1,1150,0.0,1,1,9,1,Upper German
lièsen_1,1150,0.0,1,1,9,1,Upper German
lièsen_1,1150,0.0,1,1,9,1,Upper German
lièsen_1,1150,0.0,1,1,9,1,Upper German
lièsen_1,1150,0.0,1,1,9,1,Upper German
lièsen_1,1150,0.0,1,1,9,1,Upper German
lièsen_1,1150,0.0,1,1,9,1,Upper German
lièsen_1,1150,0.0,1,1,9,1,Upper German
lièsen_1,1150,0.0,0,1,9,1,Upper German
lièsen_1,1150,0.0,1,1,9,1,Upper German
lièsen_1,1150,0.0,1,1,9,1,Upper German
lièsen_1,1160,10.0,0,1,9,1,Central German
lièsen_1,1160,0.0,1,1,9,1,Central German
lièsen_1,1160,0.0,1,1,9,1,Central German
lièsen_1,1160,0.0,1,1,9,1,Upper German
lièsen_1,1172,12.0,1,1,9,1,Upper German
lièsen_1,1172,0.0,1,1,9,1,Upper German
lièsen_1,1172,0.0,1,1,9,1,Upper German
lièsen_1,1172,0.0,0,1,9,1,Upper German
lièsen_1,1172,0.0,0,1,9,1,Central German
lièsen_1,1175,3.0,1,1,9,1,Upper German
lièsen_1,1175,0.0,1,1,9,1,Upper German
lièsen_1,1190,15.0,1,1,9,1,Upper German
lièsen_1,1190,0.0,0,1,9,1,Upper German
lièsen_1,1190,0.0,1,1,9,1,Upper German
lièsen_1,1190,0.0,0,1,9,1,Upper German
lièsen_1,1190,0.0,1,1,9,1,Upper German
lièsen_1,1190,0.0,1,1,9,1,Upper German
lièsen_1,1190,0.0,1,1,9,1,Upper German
lièsen_1,1195,5.0,1,1,9,1,Upper German
lièsen_1,1200,5.0,1,1,9,1,Upper German
lièsen_1,1200,0.0,1,1,9,1,Central German
lièsen_1,1200,0.0,1,1,9,1,Upper German
lièsen_1,1200,0.0,1,1,9,1,Upper German
lièsen_1,1200,0.0,1,1,9,1,Upper German
lièsen_1,1200,0.0,1,1,9,1,Upper German
lièsen_1,1200,0.0,1,1,9,1,Upper German
lièsen_1,1200,0.0,1,1,9,1,Upper German
lièsen_1,1200,0.0,0,1,9,1,Upper German
lièsen_1,1200,0.0,1,1,9,1,Upper German
lièsen_1,1200,0.0,1,1,9,1,Upper German
lièsen_1,1200,0.0,1,1,9,1,Upper German
lièsen_1,1200,0.0,1,1,9,1,Upper German
lièsen_1,1220,20.0,0,1,9,1,Upper German
lièsen_1,1225,5.0,1,1,9,1,Upper German
lièsen_1,1225,0.0,1,1,9,1,Upper German
lièsen_1,1225,0.0,1,1,9,1,Upper German
lièsen_1,1225,0.0,1,1,9,1,Central German
lièsen_1,1225,0.0,1,1,9,1,Central German
lièsen_1,1225,0.0,1,1,9,1,Upper German
lièsen_1,1225,0.0,1,1,9,1,Central German
lièsen_1,1225,0.0,1,1,9,1,Upper German
lièsen_1,1225,0.0,1,1,9,1,Upper German
lièsen_1,1225,0.0,1,1,9,1,Upper German
lièsen_1,1225,0.0,1,1,9,1,Upper German
lièsen_1,1225,0.0,1,1,9,1,Central German
lièsen_1,1225,0.0,1,1,9,1,Upper German
lièsen_1,1225,0.0,1,1,9,1,Central German
lièsen_1,1225,0.0,1,1,9,1,Central German
lièsen_1,1225,0.0,1,1,9,1,Central German
lièsen_1,1225,0.0,1,1,9,1,Upper German
lièsen_1,1225,0.0,1,1,9,1,Upper German
lièsen_1,1225,0.0,1,1,9,1,Upper German
lièsen_1,1250,25.0,1,1,9,1,Central German
lièsen_1,1250,0.0,1,1,9,1,Upper German
lièsen_1,1250,0.0,1,1,9,1,Central German
lièsen_1,1250,0.0,1,1,9,1,Central German
lièsen_1,1250,0.0,1,1,9,1,Central German
lièsen_1,1250,0.0,1,1,9,1,Central German
lièsen_1,1250,0.0,1,1,9,1,Upper German
lièsen_1,1250,0.0,1,1,9,1,Upper German
lièsen_1,1250,0.0,1,1,9,1,Central German
lièsen_1,1250,0.0,1,1,9,1,Upper German
lièsen_1,1250,0.0,1,1,9,1,Upper German
lièsen_1,1250,0.0,1,1,9,1,Central German
lièsen_1,1250,0.0,1,1,9,1,Central German
lièsen_1,1250,0.0,1,1,9,1,Central German
lièsen_1,1250,0.0,1,1,9,1,Upper German
lièsen_1,1250,0.0,1,1,9,1,Central German
lièsen_1,1250,0.0,1,1,9,1,Upper German
lièsen_1,1250,0.0,1,1,9,1,Central German
lièsen_1,1272,22.0,1,1,9,1,Upper German
lièsen_1,1272,0.0,1,1,9,1,Upper German
lièsen_1,1272,0.0,1,1,9,1,Upper German
lièsen_1,1272,0.0,1,1,9,1,Upper German
lièsen_1,1272,0.0,1,1,9,1,Upper German
lièsen_1,1274,2.0,1,1,9,1,Upper German
lièsen_1,1274,0.0,1,1,9,1,Upper German
lièsen_1,1275,1.0,1,1,9,1,Central German
lièsen_1,1275,0.0,1,1,9,1,Central German
lièsen_1,1275,0.0,1,1,9,1,Upper German
lièsen_1,1275,0.0,1,1,9,1,Upper German
lièsen_1,1276,1.0,1,1,9,1,Upper German
lièsen_1,1285,9.0,1,1,9,1,Upper German
lièsen_1,1285,0.0,1,1,9,1,Upper German
lièsen_1,1293,8.0,1,0,9,1,Upper German
lièsen_1,1293,0.0,1,1,9,1,Upper German
lièsen_1,1300,7.0,0,1,9,1,Upper German
lièsen_1,1300,0.0,1,1,9,1,Upper German
lièsen_1,1300,0.0,1,1,9,1,Upper German
lièsen_1,1325,25.0,1,1,9,1,Upper German
lièsen_1,1325,0.0,0,0,9,1,Upper German
lièsen_1,1325,0.0,1,0,9,1,Upper German
lièsen_1,1325,0.0,1,1,9,1,Upper German
lièsen_1,1328,3.0,1,1,9,1,Upper German
lièsen_1,1342,14.0,1,1,9,1,Upper German
lièsen_1,1350,8.0,1,1,9,1,Central German
lièsen_1,1350,0.0,1,1,9,1,Central German
lièsen_1,1350,0.0,1,1,9,1,Central German
lièsen_1,1350,0.0,1,1,9,1,Central German
lièsen_1,1350,0.0,1,1,9,1,Central German
lièsen_2,1050,0.0,1,1,9,2,Upper German
lièsen_2,1050,0.0,1,1,9,2,Upper German
lièsen_2,1080,30.0,1,1,9,2,Central German
lièsen_2,1080,0.0,1,1,9,2,Central German
lièsen_2,1120,40.0,1,1,9,2,Upper German
lièsen_2,1125,5.0,1,1,9,2,Upper German
lièsen_2,1130,5.0,1,1,9,2,Upper German
lièsen_2,1140,10.0,1,1,9,2,Upper German
lièsen_2,1140,0.0,1,1,9,2,Central German
lièsen_2,1140,0.0,1,1,9,2,Upper German
lièsen_2,1140,0.0,1,1,9,2,Central German
lièsen_2,1140,0.0,1,1,9,2,Upper German
lièsen_2,1140,0.0,1,1,9,2,Upper German
lièsen_2,1150,10.0,1,1,9,2,Upper German
lièsen_2,1150,0.0,1,1,9,2,Upper German
lièsen_2,1150,0.0,1,1,9,2,Upper German
lièsen_2,1150,0.0,1,1,9,2,Upper German
lièsen_2,1150,0.0,1,1,9,2,Upper German
lièsen_2,1150,0.0,1,1,9,2,Upper German
lièsen_2,1160,10.0,1,1,9,2,Central German
lièsen_2,1160,0.0,1,1,9,2,Upper German
lièsen_2,1172,12.0,1,1,9,2,Upper German
lièsen_2,1175,3.0,1,1,9,2,Upper German
lièsen_2,1180,5.0,1,1,9,2,Upper German
lièsen_2,1190,10.0,1,1,9,2,Upper German
lièsen_2,1190,0.0,1,1,9,2,Upper German
lièsen_2,1190,0.0,1,1,9,2,Upper German
lièsen_2,1190,0.0,1,1,9,2,Upper German
lièsen_2,1200,10.0,1,1,9,2,Upper German
lièsen_2,1200,0.0,1,1,9,2,Upper German
lièsen_2,1210,10.0,1,1,9,2,Upper German
lièsen_2,1210,0.0,1,1,9,2,Upper German
lièsen_2,1220,10.0,1,1,9,2,Upper German
lièsen_2,1220,0.0,1,1,9,2,Upper German
lièsen_2,1225,5.0,1,1,9,2,Upper German
lièsen_2,1225,0.0,1,1,9,2,Upper German
lièsen_2,1225,0.0,1,1,9,2,Upper German
lièsen_2,1225,0.0,1,1,9,2,Upper German
lièsen_2,1225,0.0,1,1,9,2,Upper German
lièsen_2,1225,0.0,1,1,9,2,Central German
lièsen_2,1225,0.0,1,1,9,2,Upper German
lièsen_2,1225,0.0,1,1,9,2,Central German
lièsen_2,1225,0.0,1,1,9,2,Upper German
lièsen_2,1250,25.0,1,1,9,2,Upper German
lièsen_2,1250,0.0,1,1,9,2,Upper German
lièsen_2,1250,0.0,1,1,9,2,Upper German
lièsen_2,1250,0.0,1,1,9,2,Upper German
lièsen_2,1250,0.0,1,1,9,2,Upper German
lièsen_2,1250,0.0,1,1,9,2,Central German
lièsen_2,1250,0.0,1,1,9,2,Upper German
lièsen_2,1250,0.0,1,1,9,2,Central German
lièsen_2,1250,0.0,1,1,9,2,Upper German
lièsen_2,1250,0.0,1,1,9,2,Central German
lièsen_2,1250,0.0,1,1,9,2,Central German
lièsen_2,1269,19.0,1,1,9,2,Central German
lièsen_2,1269,0.0,1,1,9,2,Central German
lièsen_2,1274,5.0,1,1,9,2,Upper German
lièsen_2,1275,1.0,1,1,9,2,Upper German
lièsen_2,1275,0.0,1,0,9,2,Upper German
lièsen_2,1293,18.0,1,0,9,2,Upper German
lièsen_2,1300,7.0,1,1,9,2,Upper German
lièsen_2,1301,1.0,1,1,9,2,Upper German
lièsen_2,1325,24.0,1,1,9,2,Central German
lièsen_2,1340,15.0,1,1,9,2,Upper German
lièsen_2,1350,10.0,1,1,9,2,Central German
lièsen_3,1050,0.0,1,1,9,3,Upper German
lièsen_3,1050,0.0,1,1,9,3,Upper German
lièsen_3,1050,0.0,1,1,9,3,Upper German
lièsen_3,1050,0.0,1,1,9,3,Upper German
lièsen_3,1050,0.0,1,1,9,3,Upper German
lièsen_3,1050,0.0,1,1,9,3,Upper German
lièsen_3,1100,50.0,1,1,9,3,Central German
lièsen_3,1100,0.0,0,1,9,3,Upper German
lièsen_3,1120,20.0,1,1,9,3,Upper German
lièsen_3,1130,10.0,1,1,9,3,Upper German
lièsen_3,1130,0.0,1,1,9,3,Upper German
lièsen_3,1140,10.0,0,1,9,3,Central German
lièsen_3,1140,0.0,0,1,9,3,Upper German
lièsen_3,1140,0.0,0,1,9,3,Upper German
lièsen_3,1140,0.0,1,1,9,3,Upper German
lièsen_3,1140,0.0,0,1,9,3,Central German
lièsen_3,1140,0.0,1,1,9,3,Upper German
lièsen_3,1140,0.0,0,1,9,3,Upper German
lièsen_3,1140,0.0,0,1,9,3,Upper German
lièsen_3,1150,10.0,1,1,9,3,Upper German
lièsen_3,1150,0.0,1,1,9,3,Upper German
lièsen_3,1150,0.0,0,1,9,3,Central German
lièsen_3,1150,0.0,0,1,9,3,Central German
lièsen_3,1150,0.0,0,1,9,3,Upper German
lièsen_3,1160,10.0,1,1,9,3,Central German
lièsen_3,1172,12.0,1,1,9,3,Upper German
lièsen_3,1172,0.0,0,1,9,3,Upper German
lièsen_3,1172,0.0,1,1,9,3,Upper German
lièsen_3,1175,3.0,1,1,9,3,Central German
lièsen_3,1175,0.0,1,1,9,3,Upper German
lièsen_3,1180,5.0,1,1,9,3,Upper German
lièsen_3,1190,10.0,1,1,9,3,Upper German
lièsen_3,1190,0.0,1,1,9,3,Upper German
lièsen_3,1190,0.0,1,1,9,3,Upper German
lièsen_3,1200,10.0,1,1,9,3,Upper German
lièsen_3,1200,0.0,0,1,9,3,Upper German
lièsen_3,1210,10.0,0,1,9,3,Upper German
lièsen_3,1210,0.0,0,1,9,3,Upper German
lièsen_3,1210,0.0,0,1,9,3,Upper German
lièsen_3,1220,10.0,0,1,9,3,Upper German
lièsen_3,1225,5.0,1,1,9,3,Upper German
lièsen_3,1225,0.0,0,0,9,3,Upper German
lièsen_3,1225,0.0,1,1,9,3,Upper German
lièsen_3,1225,0.0,1,1,9,3,Upper German
lièsen_3,1240,15.0,0,1,9,3,Upper German
lièsen_3,1250,10.0,1,0,9,3,Upper German
lièsen_3,1250,0.0,1,1,9,3,Upper German
lièsen_3,1250,0.0,0,1,9,3,Central German
lièsen_3,1250,0.0,0,1,9,3,Central German
lièsen_3,1250,0.0,0,1,9,3,Central German
lièsen_3,1250,0.0,1,1,9,3,Central German
lièsen_3,1250,0.0,0,1,9,3,Central German
lièsen_3,1250,0.0,0,1,9,3,Central German
lièsen_3,1250,0.0,0,1,9,3,Central German
lièsen_3,1250,0.0,0,1,9,3,Central German
lièsen_3,1269,19.0,0,1,9,3,Central German
lièsen_3,1274,5.0,0,1,9,3,Upper German
lièsen_3,1275,1.0,1,1,9,3,Upper German
lièsen_3,1275,0.0,1,1,9,3,Upper German
lièsen_3,1293,18.0,1,1,9,3,Upper German
lièsen_3,1300,7.0,0,1,9,3,Upper German
lièsen_3,1300,0.0,1,1,9,3,Upper German
lièsen_3,1301,1.0,1,1,9,3,Upper German
lièsen_3,1301,0.0,1,1,9,3,Upper German
lièsen_3,1325,24.0,0,1,9,3,Upper German
lièsen_3,1325,0.0,1,0,9,3,Upper German
lièsen_3,1325,0.0,0,1,9,3,Central German
lièsen_3,1328,3.0,1,1,9,3,Upper German
lièsen_3,1336,8.0,1,1,9,3,Upper German
lièsen_3,1347,11.0,1,1,9,3,Upper German
lièsen_3,1350,3.0,0,1,9,3,Central German
lièsen_3,1350,0.0,0,1,9,3,Central German
lièsen_4,1050,0.0,1,1,9,4,Upper German
lièsen_4,1050,0.0,1,1,9,4,Upper German
lièsen_4,1050,0.0,1,1,9,4,Upper German
lièsen_4,1063,13.0,1,1,9,4,Central German
lièsen_4,1080,17.0,1,1,9,4,Central German
lièsen_4,1100,20.0,1,1,9,4,Central German
lièsen_4,1120,20.0,1,1,9,4,Upper German
lièsen_4,1125,5.0,1,1,9,4,Upper German
lièsen_4,1125,0.0,1,1,9,4,Central German
lièsen_4,1127,2.0,1,1,9,4,Upper German
lièsen_4,1130,3.0,1,1,9,4,Upper German
lièsen_4,1130,0.0,1,1,9,4,Upper German
lièsen_4,1140,10.0,1,1,9,4,Upper German
lièsen_4,1140,0.0,1,1,9,4,Central German
lièsen_4,1140,0.0,1,1,9,4,Upper German
lièsen_4,1140,0.0,1,1,9,4,Upper German
lièsen_4,1140,0.0,1,1,9,4,Central German
lièsen_4,1140,0.0,1,1,9,4,Upper German
lièsen_4,1150,10.0,1,1,9,4,Upper German
lièsen_4,1150,0.0,1,1,9,4,Central German
lièsen_4,1150,0.0,1,1,9,4,Upper German
lièsen_4,1150,0.0,1,1,9,4,Upper German
lièsen_4,1150,0.0,1,1,9,4,Central German
lièsen_4,1150,0.0,1,1,9,4,Upper German
lièsen_4,1150,0.0,1,1,9,4,Upper German
lièsen_4,1150,0.0,1,1,9,4,Upper German
lièsen_4,1150,0.0,1,1,9,4,Upper German
lièsen_4,1150,0.0,1,1,9,4,Upper German
lièsen_4,1150,0.0,1,1,9,4,Upper German
lièsen_4,1150,0.0,1,1,9,4,Upper German
lièsen_4,1150,0.0,1,1,9,4,Upper German
lièsen_4,1150,0.0,1,1,9,4,Upper German
lièsen_4,1150,0.0,1,1,9,4,Upper German
lièsen_4,1150,0.0,1,1,9,4,Upper German
lièsen_4,1150,0.0,1,1,9,4,Upper German
lièsen_4,1150,0.0,1,1,9,4,Upper German
lièsen_4,1150,0.0,1,1,9,4,Upper German
lièsen_4,1150,0.0,1,1,9,4,Upper German
lièsen_4,1150,0.0,1,1,9,4,Upper German
lièsen_4,1160,10.0,1,1,9,4,Central German
lièsen_4,1160,0.0,1,1,9,4,Upper German
lièsen_4,1172,12.0,1,1,9,4,Upper German
lièsen_4,1172,0.0,1,1,9,4,Upper German
lièsen_4,1172,0.0,1,1,9,4,Central German
lièsen_4,1172,0.0,1,1,9,4,Upper German
lièsen_4,1175,3.0,1,1,9,4,Central German
lièsen_4,1175,0.0,1,1,9,4,Upper German
lièsen_4,1175,0.0,1,1,9,4,Upper German
lièsen_4,1180,5.0,1,1,9,4,Upper German
lièsen_4,1190,10.0,1,1,9,4,Upper German
lièsen_4,1190,0.0,1,1,9,4,Upper German
lièsen_4,1190,0.0,1,1,9,4,Upper German
lièsen_4,1200,10.0,1,1,9,4,Central German
lièsen_4,1200,0.0,1,1,9,4,Upper German
lièsen_4,1200,0.0,1,1,9,4,Upper German
lièsen_4,1200,0.0,1,1,9,4,Upper German
lièsen_4,1200,0.0,1,1,9,4,Upper German
lièsen_4,1210,10.0,1,1,9,4,Upper German
lièsen_4,1210,0.0,1,1,9,4,Upper German
lièsen_4,1210,0.0,1,1,9,4,Upper German
lièsen_4,1220,10.0,1,1,9,4,Upper German
lièsen_4,1220,0.0,1,1,9,4,Upper German
lièsen_4,1225,5.0,1,1,9,4,Upper German
lièsen_4,1225,0.0,1,1,9,4,Central German
lièsen_4,1225,0.0,1,1,9,4,Central German
lièsen_4,1225,0.0,1,1,9,4,Upper German
lièsen_4,1225,0.0,1,1,9,4,Upper German
lièsen_4,1225,0.0,1,1,9,4,Upper German
lièsen_4,1225,0.0,1,1,9,4,Central German
lièsen_4,1225,0.0,1,1,9,4,Upper German
lièsen_4,1225,0.0,1,1,9,4,Upper German
lièsen_4,1225,0.0,1,1,9,4,Upper German
lièsen_4,1225,0.0,1,1,9,4,Central German
lièsen_4,1225,0.0,1,1,9,4,Upper German
lièsen_4,1225,0.0,1,1,9,4,Upper German
lièsen_4,1225,0.0,1,1,9,4,Central German
lièsen_4,1240,15.0,1,1,9,4,Upper German
lièsen_4,1250,10.0,1,1,9,4,Upper German
lièsen_4,1250,0.0,1,1,9,4,Upper German
lièsen_4,1250,0.0,1,1,9,4,Central German
lièsen_4,1250,0.0,1,1,9,4,Central German
lièsen_4,1250,0.0,1,1,9,4,Upper German
lièsen_4,1250,0.0,1,1,9,4,Upper German
lièsen_4,1250,0.0,1,1,9,4,Upper German
lièsen_4,1250,0.0,1,1,9,4,Upper German
lièsen_4,1250,0.0,1,1,9,4,Central German
lièsen_4,1250,0.0,1,1,9,4,Upper German
lièsen_4,1250,0.0,1,1,9,4,Central German
lièsen_4,1250,0.0,1,1,9,4,Central German
lièsen_4,1250,0.0,1,1,9,4,Upper German
lièsen_4,1269,19.0,1,1,9,4,Central German
lièsen_4,1272,3.0,1,1,9,4,Upper German
lièsen_4,1274,2.0,1,1,9,4,Upper German
lièsen_4,1274,0.0,1,1,9,4,Upper German
lièsen_4,1275,1.0,1,1,9,4,Upper German
lièsen_4,1275,0.0,1,1,9,4,Central German
lièsen_4,1275,0.0,1,1,9,4,Upper German
lièsen_4,1276,1.0,1,1,9,4,Upper German
lièsen_4,1280,4.0,1,1,9,4,Upper German
lièsen_4,1285,5.0,1,1,9,4,Upper German
lièsen_4,1293,8.0,1,1,9,4,Upper German
lièsen_4,1295,2.0,1,1,9,4,Central German
lièsen_4,1300,5.0,1,1,9,4,Upper German
lièsen_4,1300,0.0,1,1,9,4,Upper German
lièsen_4,1300,0.0,1,1,9,4,Upper German
lièsen_4,1301,1.0,1,1,9,4,Upper German
lièsen_4,1310,9.0,1,1,9,4,Upper German
lièsen_4,1325,15.0,1,1,9,4,Upper German
lièsen_4,1325,0.0,1,1,9,4,Central German
lièsen_4,1325,0.0,1,1,9,4,Upper German
lièsen_4,1325,0.0,1,1,9,4,Upper German
lièsen_4,1325,0.0,1,1,9,4,Central German
lièsen_4,1325,0.0,1,1,9,4,Upper German
lièsen_4,1325,0.0,1,1,9,4,Central German
lièsen_4,1325,0.0,1,1,9,4,Central German
lièsen_4,1325,0.0,1,1,9,4,Central German
lièsen_4,1328,3.0,1,1,9,4,Upper German
lièsen_4,1330,2.0,1,1,9,4,Upper German
lièsen_4,1336,6.0,1,1,9,4,Upper German
lièsen_4,1340,4.0,1,1,9,4,Upper German
lièsen_4,1347,7.0,1,1,9,4,Upper German
lièsen_4,1350,3.0,1,1,9,4,Central German
lièsen_4,1350,0.0,1,1,9,4,Central German
lièsen_4,1350,0.0,1,1,9,4,Upper German
lièsen_4,1350,0.0,1,1,9,4,Central German
lîhen_1,1050,0.0,1,1,10,1,Upper German
lîhen_1,1130,80.0,1,1,10,1,Upper German
lîhen_1,1140,10.0,1,1,10,1,Upper German
lîhen_1,1140,0.0,1,1,10,1,Upper German
lîhen_1,1140,0.0,1,1,10,1,Upper German
lîhen_1,1140,0.0,1,1,10,1,Upper German
lîhen_1,1140,0.0,1,1,10,1,Upper German
lîhen_1,1140,0.0,1,1,10,1,Upper German
lîhen_1,1140,0.0,1,1,10,1,Upper German
lîhen_1,1150,10.0,1,1,10,1,Upper German
lîhen_1,1150,0.0,1,1,10,1,Upper German
lîhen_1,1150,0.0,1,1,10,1,Upper German
lîhen_1,1150,0.0,1,1,10,1,Central German
lîhen_1,1150,0.0,1,0,10,1,Upper German
lîhen_1,1150,0.0,1,1,10,1,Upper German
lîhen_1,1150,0.0,1,1,10,1,Upper German
lîhen_1,1150,0.0,1,1,10,1,Central German
lîhen_1,1150,0.0,1,0,10,1,Upper German
lîhen_1,1150,0.0,1,1,10,1,Upper German
lîhen_1,1150,0.0,1,1,10,1,Upper German
lîhen_1,1150,0.0,1,1,10,1,Upper German
lîhen_1,1150,0.0,1,1,10,1,Upper German
lîhen_1,1150,0.0,1,1,10,1,Upper German
lîhen_1,1150,0.0,1,1,10,1,Upper German
lîhen_1,1150,0.0,1,1,10,1,Upper German
lîhen_1,1150,0.0,1,1,10,1,Upper German
lîhen_1,1150,0.0,1,1,10,1,Upper German
lîhen_1,1150,0.0,1,1,10,1,Upper German
lîhen_1,1150,0.0,1,1,10,1,Upper German
lîhen_1,1150,0.0,1,1,10,1,Upper German
lîhen_1,1160,10.0,1,1,10,1,Upper German
lîhen_1,1160,0.0,1,1,10,1,Upper German
lîhen_1,1172,12.0,1,1,10,1,Upper German
lîhen_1,1172,0.0,1,1,10,1,Upper German
lîhen_1,1172,0.0,1,1,10,1,Upper German
lîhen_1,1172,0.0,1,1,10,1,Upper German
lîhen_1,1172,0.0,1,1,10,1,Upper German
lîhen_1,1172,0.0,1,1,10,1,Upper German
lîhen_1,1172,0.0,1,1,10,1,Upper German
lîhen_1,1172,0.0,1,1,10,1,Upper German
lîhen_1,1172,0.0,1,1,10,1,Upper German
lîhen_1,1172,0.0,1,1,10,1,Upper German
lîhen_1,1172,0.0,1,1,10,1,Central German
lîhen_1,1172,0.0,1,1,10,1,Central German
lîhen_1,1175,3.0,1,1,10,1,Upper German
lîhen_1,1175,0.0,1,1,10,1,Upper German
lîhen_1,1180,5.0,1,1,10,1,Upper German
lîhen_1,1180,0.0,1,1,10,1,Upper German
lîhen_1,1180,0.0,1,1,10,1,Upper German
lîhen_1,1180,0.0,1,1,10,1,Upper German
lîhen_1,1180,0.0,1,1,10,1,Upper German
lîhen_1,1190,10.0,1,1,10,1,Upper German
lîhen_1,1195,5.0,1,1,10,1,Upper German
lîhen_1,1200,5.0,1,1,10,1,Upper German
lîhen_1,1200,0.0,1,1,10,1,Upper German
lîhen_1,1200,0.0,1,1,10,1,Upper German
lîhen_1,1200,0.0,1,1,10,1,Upper German
lîhen_1,1220,20.0,1,1,10,1,Upper German
lîhen_1,1225,5.0,1,1,10,1,Upper German
lîhen_1,1225,0.0,1,1,10,1,Upper German
lîhen_1,1225,0.0,1,1,10,1,Upper German
lîhen_1,1225,0.0,1,1,10,1,Upper German
lîhen_1,1225,0.0,1,1,10,1,Upper German
lîhen_1,1225,0.0,1,1,10,1,Upper German
lîhen_1,1225,0.0,1,1,10,1,Upper German
lîhen_1,1225,0.0,1,1,10,1,Upper German
lîhen_1,1225,0.0,1,1,10,1,Central German
lîhen_1,1225,0.0,1,1,10,1,Upper German
lîhen_1,1225,0.0,1,1,10,1,Central German
lîhen_1,1225,0.0,1,1,10,1,Upper German
lîhen_1,1225,0.0,1,1,10,1,Central German
lîhen_1,1225,0.0,1,1,10,1,Central German
lîhen_1,1225,0.0,1,1,10,1,Central German
lîhen_1,1225,0.0,1,1,10,1,Upper German
lîhen_1,1225,0.0,1,1,10,1,Upper German
lîhen_1,1225,0.0,1,1,10,1,Upper German
lîhen_1,1225,0.0,1,1,10,1,Central German
lîhen_1,1225,0.0,1,1,10,1,Upper German
lîhen_1,1240,15.0,1,1,10,1,Upper German
lîhen_1,1240,0.0,1,1,10,1,Upper German
lîhen_1,1250,10.0,1,1,10,1,Upper German
lîhen_1,1250,0.0,1,1,10,1,Central German
lîhen_1,1250,0.0,1,1,10,1,Upper German
lîhen_1,1250,0.0,1,1,10,1,Upper German
lîhen_1,1250,0.0,1,1,10,1,Upper German
lîhen_1,1250,0.0,1,1,10,1,Central German
lîhen_1,1250,0.0,1,1,10,1,Upper German
lîhen_1,1250,0.0,1,1,10,1,Upper German
lîhen_1,1272,22.0,1,1,10,1,Upper German
lîhen_1,1274,2.0,1,1,10,1,Upper German
lîhen_1,1275,1.0,1,1,10,1,Upper German
lîhen_1,1275,0.0,1,1,10,1,Upper German
lîhen_1,1275,0.0,1,1,10,1,Upper German
lîhen_1,1275,0.0,1,1,10,1,Upper German
lîhen_1,1275,0.0,1,1,10,1,Upper German
lîhen_1,1275,0.0,1,1,10,1,Upper German
lîhen_1,1276,1.0,1,1,10,1,Upper German
lîhen_1,1278,2.0,1,1,10,1,Central German
lîhen_1,1278,0.0,1,1,10,1,Central German
lîhen_1,1278,0.0,1,1,10,1,Central German
lîhen_1,1298,20.0,1,1,10,1,Central German
lîhen_1,1300,2.0,1,1,10,1,Upper German
lîhen_1,1300,0.0,1,1,10,1,Upper German
lîhen_1,1300,0.0,1,1,10,1,Upper German
lîhen_1,1300,0.0,1,1,10,1,Upper German
lîhen_1,1300,0.0,1,1,10,1,Upper German
lîhen_1,1325,25.0,1,1,10,1,Upper German
lîhen_1,1325,0.0,1,1,10,1,Central German
lîhen_1,1325,0.0,1,1,10,1,Central German
lîhen_1,1325,0.0,1,1,10,1,Upper German
lîhen_1,1325,0.0,1,1,10,1,Upper German
lîhen_1,1325,0.0,1,1,10,1,Central German
lîhen_1,1328,3.0,1,1,10,1,Upper German
lîhen_1,1328,0.0,1,1,10,1,Upper German
lîhen_1,1330,2.0,1,1,10,1,Upper German
lîhen_1,1342,12.0,1,1,10,1,Upper German
lîhen_1,1347,5.0,1,1,10,1,Upper German
lîhen_1,1350,3.0,1,1,10,1,Central German
lîhen_2,1050,0.0,1,1,10,2,Upper German
lîhen_2,1100,50.0,1,1,10,2,Upper German
lîhen_2,1125,25.0,1,1,10,2,Upper German
lîhen_2,1130,5.0,1,1,10,2,Upper German
lîhen_2,1140,10.0,1,1,10,2,Upper German
lîhen_2,1140,0.0,1,1,10,2,Upper German
lîhen_2,1150,10.0,1,1,10,2,Upper German
lîhen_2,1150,0.0,1,1,10,2,Upper German
lîhen_2,1150,0.0,1,1,10,2,Upper German
lîhen_2,1160,10.0,1,1,10,2,Central German
lîhen_2,1160,0.0,1,1,10,2,Upper German
lîhen_2,1172,12.0,1,1,10,2,Upper German
lîhen_2,1200,28.0,1,1,10,2,Central German
lîhen_2,1200,0.0,1,1,10,2,Upper German
lîhen_2,1210,10.0,1,1,10,2,Upper German
lîhen_2,1225,15.0,1,1,10,2,Central German
lîhen_2,1225,0.0,1,1,10,2,Central German
lîhen_2,1225,0.0,1,1,10,2,Upper German
lîhen_2,1225,0.0,1,1,10,2,Central German
lîhen_2,1240,15.0,1,1,10,2,Upper German
lîhen_2,1250,10.0,1,1,10,2,Central German
lîhen_2,1274,24.0,1,1,10,2,Upper German
lîhen_2,1276,2.0,1,1,10,2,Upper German
lîhen_2,1340,64.0,1,1,10,2,Upper German
lîhen_3,1130,0.0,1,1,10,3,Upper German
lîhen_3,1130,0.0,0,0,10,3,Upper German
lîhen_3,1140,10.0,0,1,10,3,Upper German
lîhen_3,1150,10.0,1,0,10,3,Central German
lîhen_3,1200,50.0,0,0,10,3,Central German
lîhen_3,1200,0.0,1,0,10,3,Upper German
lîhen_3,1210,10.0,1,0,10,3,Upper German
lîhen_3,1250,40.0,0,0,10,3,Upper German
lîhen_3,1325,75.0,0,1,10,3,Central German
lîhen_3,1328,3.0,1,0,10,3,Upper German
lîhen_4,1050,0.0,1,0,10,4,Upper German
lîhen_4,1125,75.0,1,0,10,4,Upper German
lîhen_4,1150,25.0,1,0,10,4,Upper German
lîhen_4,1150,0.0,1,0,10,4,Upper German
lîhen_4,1172,22.0,1,0,10,4,Upper German
lîhen_4,1190,18.0,0,0,10,4,Upper German
lîhen_4,1200,10.0,1,0,10,4,Upper German
lîhen_4,1200,0.0,1,0,10,4,Central German
lîhen_4,1225,25.0,1,0,10,4,Upper German
lîhen_4,1225,0.0,1,1,10,4,Central German
lîhen_4,1225,0.0,0,0,10,4,Central German
lîhen_4,1225,0.0,1,0,10,4,Upper German
lîhen_4,1225,0.0,1,0,10,4,Central German
lîhen_4,1250,25.0,0,0,10,4,Central German
lîhen_4,1250,0.0,1,0,10,4,Upper German
lîhen_4,1250,0.0,1,0,10,4,Upper German
lîhen_4,1250,0.0,1,0,10,4,Upper German
lîhen_4,1250,0.0,0,0,10,4,Central German
lîhen_4,1272,22.0,1,0,10,4,Upper German
lîhen_4,1274,2.0,1,0,10,4,Upper German
lîhen_4,1274,0.0,1,0,10,4,Upper German
lîhen_4,1275,1.0,0,0,10,4,Central German
lîhen_4,1275,0.0,1,0,10,4,Upper German
lîhen_4,1276,1.0,1,0,10,4,Upper German
lîhen_4,1325,49.0,1,0,10,4,Upper German
lîhen_4,1325,0.0,1,0,10,4,Upper German
lîhen_4,1328,3.0,1,0,10,4,Upper German
lîhen_4,1341,13.0,1,0,10,4,Upper German
lîhen_4,1350,9.0,0,0,10,4,Central German
rîhen_4,1275,0.0,1,1,12,4,Upper German
rîhen_4,1325,50.0,1,1,12,4,Upper German
rîsen_1,1050,0.0,1,1,13,1,Upper German
rîsen_1,1050,0.0,1,1,13,1,Upper German
rîsen_1,1050,0.0,1,1,13,1,Upper German
rîsen_1,1120,70.0,1,1,13,1,Upper German
rîsen_1,1150,30.0,1,1,13,1,Upper German
rîsen_1,1190,40.0,1,1,13,1,Upper German
rîsen_1,1200,10.0,1,1,13,1,Upper German
rîsen_1,1200,0.0,1,1,13,1,Upper German
rîsen_1,1225,25.0,1,0,13,1,Upper German
rîsen_1,1225,0.0,1,1,13,1,Central German
rîsen_1,1275,50.0,1,1,13,1,Central German
rîsen_1,1325,50.0,1,1,13,1,Central German
rîsen_1,1325,0.0,1,1,13,1,Upper German
rîsen_1,1350,25.0,1,1,13,1,Central German
rîsen_3,1050,0.0,1,0,13,3,Upper German
rîsen_3,1150,100.0,1,0,13,3,Upper German
rîsen_3,1330,180.0,1,0,13,3,Upper German
sîhen_1,1100,0.0,1,0,14,1,Central German
sîhen_1,1150,50.0,1,1,14,1,Upper German
sîhen_1,1150,0.0,1,1,14,1,Upper German
sîhen_1,1150,0.0,1,1,14,1,Upper German
sîhen_1,1190,40.0,1,1,14,1,Upper German
sîhen_1,1350,160.0,1,1,14,1,Upper German
vlièhen_1,1050,0.0,1,1,15,1,Upper German
vlièhen_1,1050,0.0,1,1,15,1,Upper German
vlièhen_1,1050,0.0,1,1,15,1,Upper German
vlièhen_1,1050,0.0,1,1,15,1,Upper German
vlièhen_1,1063,13.0,1,1,15,1,Central German
vlièhen_1,1065,2.0,1,1,15,1,Upper German
vlièhen_1,1070,5.0,1,1,15,1,Upper German
vlièhen_1,1120,50.0,1,1,15,1,Upper German
vlièhen_1,1120,0.0,1,1,15,1,Upper German
vlièhen_1,1120,0.0,1,1,15,1,Upper German
vlièhen_1,1125,5.0,1,1,15,1,Upper German
vlièhen_1,1125,0.0,1,1,15,1,Upper German
vlièhen_1,1125,0.0,1,1,15,1,Upper German
vlièhen_1,1125,0.0,1,1,15,1,Upper German
vlièhen_1,1127,2.0,1,1,15,1,Upper German
vlièhen_1,1130,3.0,1,1,15,1,Upper German
vlièhen_1,1130,0.0,1,1,15,1,Upper German
vlièhen_1,1140,10.0,0,1,15,1,Upper German
vlièhen_1,1140,0.0,1,1,15,1,Central German
vlièhen_1,1140,0.0,1,1,15,1,Upper German
vlièhen_1,1140,0.0,1,1,15,1,Upper German
vlièhen_1,1140,0.0,1,1,15,1,Upper German
vlièhen_1,1140,0.0,1,1,15,1,Central German
vlièhen_1,1140,0.0,1,1,15,1,Upper German
vlièhen_1,1140,0.0,1,1,15,1,Upper German
vlièhen_1,1150,10.0,1,1,15,1,Upper German
vlièhen_1,1150,0.0,1,1,15,1,Upper German
vlièhen_1,1150,0.0,1,1,15,1,Central German
vlièhen_1,1150,0.0,1,1,15,1,Upper German
vlièhen_1,1150,0.0,1,1,15,1,Upper German
vlièhen_1,1150,0.0,1,1,15,1,Upper German
vlièhen_1,1150,0.0,1,1,15,1,Central German
vlièhen_1,1150,0.0,1,1,15,1,Central German
vlièhen_1,1150,0.0,1,1,15,1,Central German
vlièhen_1,1150,0.0,0,1,15,1,Upper German
vlièhen_1,1150,0.0,1,1,15,1,Upper German
vlièhen_1,1150,0.0,1,1,15,1,Upper German
vlièhen_1,1150,0.0,1,1,15,1,Upper German
vlièhen_1,1150,0.0,1,1,15,1,Upper German
vlièhen_1,1150,0.0,1,1,15,1,Upper German
vlièhen_1,1150,0.0,1,1,15,1,Upper German
vlièhen_1,1150,0.0,1,1,15,1,Upper German
vlièhen_1,1150,0.0,1,1,15,1,Upper German
vlièhen_1,1150,0.0,1,1,15,1,Upper German
vlièhen_1,1150,0.0,1,1,15,1,Upper German
vlièhen_1,1150,0.0,1,1,15,1,Upper German
vlièhen_1,1150,0.0,1,1,15,1,Upper German
vlièhen_1,1160,10.0,1,1,15,1,Upper German
vlièhen_1,1160,0.0,1,1,15,1,Upper German
vlièhen_1,1160,0.0,1,1,15,1,Upper German
vlièhen_1,1160,0.0,1,1,15,1,Upper German
vlièhen_1,1160,0.0,1,1,15,1,Upper German
vlièhen_1,1172,12.0,1,1,15,1,Upper German
vlièhen_1,1172,0.0,1,1,15,1,Upper German
vlièhen_1,1172,0.0,1,1,15,1,Upper German
vlièhen_1,1172,0.0,1,1,15,1,Upper German
vlièhen_1,1172,0.0,1,1,15,1,Upper German
vlièhen_1,1172,0.0,1,1,15,1,Upper German
vlièhen_1,1172,0.0,1,1,15,1,Upper German
vlièhen_1,1172,0.0,1,1,15,1,Upper German
vlièhen_1,1172,0.0,1,1,15,1,Upper German
vlièhen_1,1175,3.0,1,1,15,1,Upper German
vlièhen_1,1175,0.0,1,1,15,1,Upper German
vlièhen_1,1175,0.0,1,1,15,1,Upper German
vlièhen_1,1180,5.0,1,1,15,1,Upper German
vlièhen_1,1180,0.0,1,1,15,1,Upper German
vlièhen_1,1180,0.0,1,1,15,1,Upper German
vlièhen_1,1180,0.0,1,1,15,1,Upper German
vlièhen_1,1180,0.0,1,1,15,1,Upper German
vlièhen_1,1190,10.0,0,1,15,1,Central German
vlièhen_1,1190,0.0,1,1,15,1,Upper German
vlièhen_1,1190,0.0,1,1,15,1,Upper German
vlièhen_1,1190,0.0,1,1,15,1,Upper German
vlièhen_1,1190,0.0,1,1,15,1,Upper German
vlièhen_1,1190,0.0,1,1,15,1,Upper German
vlièhen_1,1200,10.0,0,1,15,1,Upper German
vlièhen_1,1200,0.0,1,1,15,1,Upper German
vlièhen_1,1200,0.0,1,1,15,1,Upper German
vlièhen_1,1200,0.0,1,1,15,1,Upper German
vlièhen_1,1200,0.0,1,1,15,1,Central German
vlièhen_1,1200,0.0,1,1,15,1,Upper German
vlièhen_1,1220,20.0,1,1,15,1,Upper German
vlièhen_1,1220,0.0,1,1,15,1,Upper German
vlièhen_1,1225,5.0,1,1,15,1,Upper German
vlièhen_1,1225,0.0,0,1,15,1,Upper German
vlièhen_1,1225,0.0,0,1,15,1,Upper German
vlièhen_1,1225,0.0,1,1,15,1,Upper German
vlièhen_1,1225,0.0,1,1,15,1,Central German
vlièhen_1,1225,0.0,1,1,15,1,Central German
vlièhen_1,1225,0.0,1,1,15,1,Central German
vlièhen_1,1225,0.0,1,1,15,1,Upper German
vlièhen_1,1225,0.0,1,1,15,1,Upper German
vlièhen_1,1225,0.0,1,1,15,1,Upper German
vlièhen_1,1225,0.0,1,1,15,1,Upper German
vlièhen_1,1225,0.0,0,1,15,1,Central German
vlièhen_1,1225,0.0,1,1,15,1,Central German
vlièhen_1,1225,0.0,1,1,15,1,Central German
vlièhen_1,1225,0.0,1,1,15,1,Central German
vlièhen_1,1225,0.0,1,1,15,1,Upper German
vlièhen_1,1225,0.0,1,1,15,1,Upper German
vlièhen_1,1225,0.0,1,1,15,1,Upper German
vlièhen_1,1225,0.0,1,1,15,1,Upper German
vlièhen_1,1225,0.0,1,1,15,1,Upper German
vlièhen_1,1225,0.0,1,1,15,1,Upper German
vlièhen_1,1225,0.0,1,1,15,1,Upper German
vlièhen_1,1225,0.0,1,1,15,1,Upper German
vlièhen_1,1225,0.0,1,1,15,1,Central German
vlièhen_1,1225,0.0,1,1,15,1,Central German
vlièhen_1,1225,0.0,1,1,15,1,Upper German
vlièhen_1,1225,0.0,1,1,15,1,Upper German
vlièhen_1,1225,0.0,1,1,15,1,Upper German
vlièhen_1,1225,0.0,1,1,15,1,Central German
vlièhen_1,1225,0.0,0,1,15,1,Central German
vlièhen_1,1250,25.0,0,1,15,1,Central German
vlièhen_1,1250,0.0,1,1,15,1,Central German
vlièhen_1,1250,0.0,1,1,15,1,Central German
vlièhen_1,1250,0.0,1,1,15,1,Central German
vlièhen_1,1250,0.0,1,1,15,1,Central German
vlièhen_1,1250,0.0,1,1,15,1,Upper German
vlièhen_1,1250,0.0,0,1,15,1,Upper German
vlièhen_1,1250,0.0,1,1,15,1,Upper German
vlièhen_1,1250,0.0,1,1,15,1,Upper German
vlièhen_1,1250,0.0,1,1,15,1,Central German
vlièhen_1,1250,0.0,1,1,15,1,Central German
vlièhen_1,1250,0.0,1,1,15,1,Central German
vlièhen_1,1250,0.0,1,1,15,1,Upper German
vlièhen_1,1250,0.0,1,1,15,1,Upper German
vlièhen_1,1250,0.0,1,1,15,1,Upper German
vlièhen_1,1250,0.0,1,1,15,1,Upper German
vlièhen_1,1250,0.0,1,1,15,1,Upper German
vlièhen_1,1250,0.0,1,1,15,1,Upper German
vlièhen_1,1250,0.0,1,1,15,1,Upper German
vlièhen_1,1250,0.0,1,1,15,1,Upper German
vlièhen_1,1250,0.0,1,1,15,1,Upper German
vlièhen_1,1250,0.0,1,1,15,1,Central German
vlièhen_1,1250,0.0,1,1,15,1,Central German
vlièhen_1,1272,22.0,1,1,15,1,Upper German
vlièhen_1,1272,0.0,1,1,15,1,Upper German
vlièhen_1,1272,0.0,1,1,15,1,Upper German
vlièhen_1,1272,0.0,1,1,15,1,Upper German
vlièhen_1,1274,2.0,1,1,15,1,Upper German
vlièhen_1,1274,0.0,1,1,15,1,Upper German
vlièhen_1,1275,1.0,1,1,15,1,Upper German
vlièhen_1,1275,0.0,1,1,15,1,Central German
vlièhen_1,1275,0.0,1,1,15,1,Central German
vlièhen_1,1275,0.0,1,1,15,1,Central German
vlièhen_1,1275,0.0,1,1,15,1,Upper German
vlièhen_1,1278,3.0,0,1,15,1,Central German
vlièhen_1,1278,0.0,1,1,15,1,Central German
vlièhen_1,1278,0.0,1,1,15,1,Central German
vlièhen_1,1280,2.0,1,1,15,1,Upper German
vlièhen_1,1280,0.0,1,1,15,1,Upper German
vlièhen_1,1285,5.0,0,1,15,1,Upper German
vlièhen_1,1300,15.0,1,1,15,1,Upper German
vlièhen_1,1300,0.0,1,1,15,1,Upper German
vlièhen_1,1300,0.0,1,1,15,1,Upper German
vlièhen_1,1300,0.0,1,1,15,1,Upper German
vlièhen_1,1300,0.0,1,1,15,1,Upper German
vlièhen_1,1301,1.0,1,1,15,1,Upper German
vlièhen_1,1301,0.0,1,1,15,1,Upper German
vlièhen_1,1325,24.0,1,1,15,1,Upper German
vlièhen_1,1325,0.0,1,1,15,1,Central German
vlièhen_1,1325,0.0,1,1,15,1,Central German
vlièhen_1,1330,5.0,1,1,15,1,Upper German
vlièhen_1,1330,0.0,1,1,15,1,Upper German
vlièhen_1,1340,10.0,1,1,15,1,Upper German
vlièhen_1,1350,10.0,1,1,15,1,Central German
vlièhen_1,1350,0.0,1,1,15,1,Central German
vlièhen_1,1350,0.0,1,1,15,1,Central German
vlièhen_1,1350,0.0,1,1,15,1,Central German
vlièhen_2,1050,0.0,1,1,15,2,Upper German
vlièhen_2,1050,0.0,1,1,15,2,Upper German
vlièhen_2,1063,13.0,1,1,15,2,Central German
vlièhen_2,1130,67.0,1,1,15,2,Upper German
vlièhen_2,1140,10.0,1,1,15,2,Upper German
vlièhen_2,1140,0.0,1,1,15,2,Upper German
vlièhen_2,1140,0.0,1,1,15,2,Upper German
vlièhen_2,1140,0.0,1,1,15,2,Upper German
vlièhen_2,1150,10.0,1,1,15,2,Upper German
vlièhen_2,1150,0.0,1,0,15,2,Central German
vlièhen_2,1150,0.0,1,1,15,2,Upper German
vlièhen_2,1150,0.0,1,1,15,2,Upper German
vlièhen_2,1160,10.0,1,1,15,2,Central German
vlièhen_2,1160,0.0,1,1,15,2,Upper German
vlièhen_2,1172,12.0,1,1,15,2,Upper German
vlièhen_2,1172,0.0,1,1,15,2,Upper German
vlièhen_2,1172,0.0,1,1,15,2,Upper German
vlièhen_2,1190,18.0,1,1,15,2,Upper German
vlièhen_2,1190,0.0,1,1,15,2,Upper German
vlièhen_2,1190,0.0,1,1,15,2,Upper German
vlièhen_2,1190,0.0,1,1,15,2,Upper German
vlièhen_2,1190,0.0,1,1,15,2,Upper German
vlièhen_2,1200,10.0,1,1,15,2,Upper German
vlièhen_2,1200,0.0,1,1,15,2,Upper German
vlièhen_2,1210,10.0,1,1,15,2,Upper German
vlièhen_2,1210,0.0,1,1,15,2,Upper German
vlièhen_2,1225,15.0,1,1,15,2,Central German
vlièhen_2,1225,0.0,1,1,15,2,Upper German
vlièhen_2,1225,0.0,1,1,15,2,Central German
vlièhen_2,1225,0.0,1,1,15,2,Upper German
vlièhen_2,1225,0.0,1,1,15,2,Upper German
vlièhen_2,1225,0.0,1,1,15,2,Central German
vlièhen_2,1225,0.0,1,1,15,2,Central German
vlièhen_2,1240,15.0,1,1,15,2,Upper German
vlièhen_2,1250,10.0,1,1,15,2,Central German
vlièhen_2,1250,0.0,1,1,15,2,Upper German
vlièhen_2,1250,0.0,1,1,15,2,Upper German
vlièhen_2,1250,0.0,1,1,15,2,Upper German
vlièhen_2,1250,0.0,1,1,15,2,Central German
vlièhen_2,1274,24.0,1,1,15,2,Upper German
vlièhen_2,1274,0.0,1,1,15,2,Upper German
vlièhen_2,1285,11.0,1,1,15,2,Upper German
vlièhen_2,1293,8.0,1,1,15,2,Upper German
vlièhen_2,1295,2.0,1,0,15,2,Central German
vlièhen_2,1300,5.0,1,1,15,2,Upper German
vlièhen_2,1300,0.0,1,1,15,2,Upper German
vlièhen_2,1325,25.0,1,1,15,2,Upper German
vlièhen_2,1325,0.0,1,1,15,2,Upper German
vlièhen_2,1325,0.0,1,1,15,2,Central German
vlièhen_2,1325,0.0,1,1,15,2,Upper German
vlièhen_2,1336,11.0,1,1,15,2,Upper German
vlièhen_2,1340,4.0,1,1,15,2,Upper German
vlièhen_2,1347,7.0,1,1,15,2,Upper German
vlièhen_3,1050,0.0,1,0,15,3,Upper German
vlièhen_3,1080,30.0,1,0,15,3,Central German
vlièhen_3,1100,20.0,1,0,15,3,Upper German
vlièhen_3,1140,40.0,1,0,15,3,Upper German
vlièhen_3,1140,0.0,0,0,15,3,Upper German
vlièhen_3,1140,0.0,0,0,15,3,Upper German
vlièhen_3,1140,0.0,0,0,15,3,Upper German
vlièhen_3,1150,10.0,1,0,15,3,Central German
vlièhen_3,1150,0.0,1,0,15,3,Upper German
vlièhen_3,1150,0.0,1,0,15,3,Upper German
vlièhen_3,1150,0.0,1,0,15,3,Upper German
vlièhen_3,1160,10.0,1,0,15,3,Central German
vlièhen_3,1172,12.0,1,0,15,3,Upper German
vlièhen_3,1172,0.0,1,0,15,3,Upper German
vlièhen_3,1172,0.0,1,0,15,3,Upper German
vlièhen_3,1175,3.0,1,0,15,3,Upper German
vlièhen_3,1175,0.0,0,0,15,3,Upper German
vlièhen_3,1190,15.0,1,0,15,3,Upper German
vlièhen_3,1190,0.0,1,0,15,3,Upper German
vlièhen_3,1195,5.0,0,0,15,3,Upper German
vlièhen_3,1200,5.0,1,0,15,3,Upper German
vlièhen_3,1200,0.0,1,0,15,3,Upper German
vlièhen_3,1225,25.0,0,0,15,3,Upper German
vlièhen_3,1225,0.0,0,0,15,3,Upper German
vlièhen_3,1225,0.0,1,0,15,3,Upper German
vlièhen_3,1225,0.0,1,0,15,3,Central German
vlièhen_3,1225,0.0,1,0,15,3,Upper German
vlièhen_3,1225,0.0,1,0,15,3,Upper German
vlièhen_3,1250,25.0,1,0,15,3,Upper German
vlièhen_3,1250,0.0,0,0,15,3,Upper German
vlièhen_3,1250,0.0,1,0,15,3,Upper German
vlièhen_3,1250,0.0,0,0,15,3,Upper German
vlièhen_3,1269,19.0,0,0,15,3,Central German
vlièhen_3,1272,3.0,0,0,15,3,Upper German
vlièhen_3,1274,2.0,0,0,15,3,Upper German
vlièhen_3,1274,0.0,0,0,15,3,Upper German
vlièhen_3,1301,27.0,1,0,15,3,Upper German
vlièhen_3,1301,0.0,1,0,15,3,Upper German
vlièhen_3,1325,24.0,0,0,15,3,Upper German
vlièhen_3,1325,0.0,1,0,15,3,Central German
vlièhen_3,1325,0.0,1,0,15,3,Central German
vlièhen_3,1325,0.0,1,0,15,3,Central German
vlièhen_3,1325,0.0,0,0,15,3,Central German
vlièhen_3,1330,5.0,1,0,15,3,Upper German
vlièhen_3,1340,10.0,1,0,15,3,Upper German
vlièhen_3,1340,0.0,1,0,15,3,Upper German
vlièhen_4,1150,0.0,1,0,15,4,Upper German
vlièhen_4,1190,40.0,1,0,15,4,Upper German
vlièhen_4,1270,80.0,1,0,15,4,Central German
vlièhen_4,1276,6.0,1,0,15,4,Upper German
vlièhen_4,1295,19.0,0,0,15,4,Central German
vlièhen_4,1328,33.0,1,0,15,4,Upper German
vlièhen_4,1350,22.0,1,0,15,4,Central German
vrièsen_1,1063,0.0,1,1,16,1,Central German
vrièsen_1,1130,67.0,1,1,16,1,Upper German
vrièsen_1,1150,20.0,1,1,16,1,Upper German
vrièsen_1,1300,150.0,1,1,16,1,Upper German
vrièsen_1,1300,0.0,1,1,16,1,Upper German
vrièsen_2,1225,0.0,1,0,16,2,Upper German
vrièsen_2,1250,25.0,1,1,16,2,Upper German
vrièsen_2,1325,75.0,1,1,16,2,Central German
vrièsen_4,1190,0.0,1,1,16,4,Upper German
vrièsen_4,1200,10.0,1,1,16,4,Upper German
vrièsen_4,1225,25.0,1,1,16,4,Upper German
vrièsen_4,1250,25.0,1,1,16,4,Upper German
vrièsen_4,1347,97.0,1,1,16,4,Upper German
zeihen_1,1392,0.0,1,1,17,1,Upper German
zeihen_1,1396,4.0,1,1,17,1,Central German
zeihen_1,1400,4.0,1,1,17,1,Upper German
zeihen_1,1463,63.0,1,1,17,1,Upper German
zeihen_1,1475,12.0,1,1,17,1,Central German
zeihen_1,1475,0.0,1,1,17,1,Central German
zeihen_1,1475,0.0,1,1,17,1,Upper German
zeihen_1,1486,11.0,1,1,17,1,Upper German
zeihen_1,1498,12.0,1,1,17,1,Upper German
zeihen_1,1525,27.0,1,1,17,1,Central German
zeihen_1,1525,0.0,1,1,17,1,Upper German
zeihen_1,1525,0.0,1,1,17,1,Upper German
zeihen_1,1525,0.0,1,1,17,1,Central German
zeihen_1,1525,0.0,1,1,17,1,Central German
zeihen_1,1550,25.0,1,0,17,1,Upper German
zeihen_1,1551,1.0,1,1,17,1,Central German
zeihen_1,1556,5.0,1,1,17,1,Upper German
zeihen_1,1556,0.0,1,1,17,1,Upper German
zeihen_1,1573,17.0,1,1,17,1,Upper German
zeihen_1,1578,5.0,1,1,17,1,Upper German
zeihen_1,1586,8.0,1,1,17,1,Central German
zeihen_1,1587,1.0,1,1,17,1,Upper German
zeihen_1,1607,20.0,1,1,17,1,Upper German
zeihen_1,1684,77.0,1,1,17,1,Upper German
zeihen_2,1392,0.0,1,1,17,2,Upper German
zeihen_2,1490,98.0,0,0,17,2,Upper German
zeihen_2,1578,88.0,1,1,17,2,Upper German
zeihen_4,1400,0.0,1,1,17,4,Upper German
zeihen_4,1450,50.0,1,1,17,4,Upper German
zeihen_4,1490,40.0,1,1,17,4,Upper German
zeihen_4,1660,170.0,1,1,17,4,Upper German
zeihen_4,1678,18.0,1,0,17,4,Upper German
ziehen_1,1325,0.0,1,1,18,1,Low German
ziehen_1,1325,0.0,1,1,18,1,Upper German
ziehen_1,1325,0.0,1,1,18,1,Upper German
ziehen_1,1325,0.0,1,1,18,1,Upper German
ziehen_1,1325,0.0,1,1,18,1,Upper German
ziehen_1,1375,50.0,1,1,18,1,Low German
ziehen_1,1375,0.0,1,1,18,1,Upper German
ziehen_1,1378,3.0,1,0,18,1,Central German
ziehen_1,1378,0.0,1,0,18,1,Central German
ziehen_1,1384,6.0,1,1,18,1,Upper German
ziehen_1,1384,0.0,1,1,18,1,Upper German
ziehen_1,1390,6.0,1,0,18,1,Upper German
ziehen_1,1390,0.0,1,1,18,1,Upper German
ziehen_1,1390,0.0,1,1,18,1,Upper German
ziehen_1,1390,0.0,1,1,18,1,Upper German
ziehen_1,1392,2.0,1,1,18,1,Upper German
ziehen_1,1392,0.0,1,1,18,1,Upper German
ziehen_1,1392,0.0,1,1,18,1,Upper German
ziehen_1,1396,4.0,1,1,18,1,Central German
ziehen_1,1400,4.0,1,1,18,1,Upper German
ziehen_1,1400,0.0,1,1,18,1,Upper German
ziehen_1,1400,0.0,1,1,18,1,Upper German
ziehen_1,1450,50.0,0,0,18,1,Central German
ziehen_1,1450,0.0,1,1,18,1,Upper German
ziehen_1,1463,13.0,1,1,18,1,Upper German
ziehen_1,1463,0.0,1,1,18,1,Upper German
ziehen_1,1463,0.0,1,1,18,1,Upper German
ziehen_1,1463,0.0,1,1,18,1,Upper German
ziehen_1,1475,12.0,1,1,18,1,Upper German
ziehen_1,1475,0.0,1,1,18,1,Upper German
ziehen_1,1475,0.0,0,0,18,1,Upper German
ziehen_1,1475,0.0,1,1,18,1,Upper German
ziehen_1,1475,0.0,1,1,18,1,Upper German
ziehen_1,1475,0.0,1,1,18,1,Upper German
ziehen_1,1475,0.0,1,1,18,1,Central German
ziehen_1,1475,0.0,1,1,18,1,Central German
ziehen_1,1475,0.0,1,1,18,1,Upper German
ziehen_1,1475,0.0,1,1,18,1,Upper German
ziehen_1,1475,0.0,0,1,18,1,Central German
ziehen_1,1475,0.0,1,1,18,1,Central German
ziehen_1,1475,0.0,1,1,18,1,Central German
ziehen_1,1485,10.0,0,1,18,1,Upper German
ziehen_1,1485,0.0,1,1,18,1,Upper German
ziehen_1,1486,1.0,1,1,18,1,Upper German
ziehen_1,1486,0.0,1,1,18,1,Upper German
ziehen_1,1486,0.0,1,1,18,1,Upper German
ziehen_1,1486,0.0,1,1,18,1,Upper German
ziehen_1,1486,0.0,1,1,18,1,Upper German
ziehen_1,1497,11.0,1,1,18,1,Upper German
ziehen_1,1497,0.0,1,1,18,1,Upper German
ziehen_1,1497,0.0,1,1,18,1,Upper German
ziehen_1,1497,0.0,1,1,18,1,Upper German
ziehen_1,1497,0.0,0,1,18,1,Upper German
ziehen_1,1497,0.0,1,1,18,1,Upper German
ziehen_1,1498,1.0,1,1,18,1,Upper German
ziehen_1,1498,0.0,1,1,18,1,Upper German
ziehen_1,1498,0.0,1,1,18,1,Upper German
ziehen_1,1498,0.0,1,1,18,1,Upper German
ziehen_1,1525,27.0,1,1,18,1,Central German
ziehen_1,1525,0.0,1,0,18,1,Upper German
ziehen_1,1525,0.0,1,1,18,1,Central German
ziehen_1,1525,0.0,1,1,18,1,Central German
ziehen_1,1546,21.0,0,0,18,1,Central German
ziehen_1,1546,0.0,1,1,18,1,Upper German
ziehen_1,1549,3.0,1,0,18,1,Upper German
ziehen_1,1549,0.0,1,0,18,1,Upper German
ziehen_1,1550,1.0,1,1,18,1,Upper German
ziehen_1,1550,0.0,1,1,18,1,Upper German
ziehen_1,1551,1.0,1,1,18,1,Central German
ziehen_1,1556,5.0,1,1,18,1,Upper German
ziehen_1,1556,0.0,1,1,18,1,Upper German
ziehen_1,1556,0.0,1,1,18,1,Upper German
ziehen_1,1556,0.0,1,1,18,1,Upper German
ziehen_1,1556,0.0,1,1,18,1,Central German
ziehen_1,1557,1.0,1,1,18,1,Upper German
ziehen_1,1557,0.0,1,1,18,1,Upper German
ziehen_1,1557,0.0,1,1,18,1,Upper German
ziehen_1,1566,9.0,0,1,18,1,Upper German
ziehen_1,1567,1.0,1,0,18,1,Upper German
ziehen_1,1568,1.0,1,0,18,1,Upper German
ziehen_1,1578,10.0,1,1,18,1,Upper German
ziehen_1,1578,0.0,1,1,18,1,Upper German
ziehen_1,1578,0.0,1,1,18,1,Upper German
ziehen_1,1581,3.0,1,1,18,1,Upper German
ziehen_1,1581,0.0,1,1,18,1,Upper German
ziehen_1,1582,1.0,1,1,18,1,Upper German
ziehen_1,1582,0.0,1,1,18,1,Upper German
ziehen_1,1586,4.0,1,1,18,1,Upper German
ziehen_1,1586,0.0,1,1,18,1,Upper German
ziehen_1,1587,1.0,1,1,18,1,Upper German
ziehen_1,1587,0.0,1,1,18,1,Upper German
ziehen_1,1588,1.0,1,1,18,1,Central German
ziehen_1,1595,7.0,0,0,18,1,Upper German
ziehen_1,1599,4.0,1,1,18,1,Central German
ziehen_1,1599,0.0,1,1,18,1,Central German
ziehen_1,1604,5.0,1,1,18,1,Upper German
ziehen_1,1606,2.0,1,1,18,1,Central German
ziehen_1,1608,2.0,1,1,18,1,Upper German
ziehen_1,1609,1.0,0,0,18,1,Upper German
ziehen_1,1609,0.0,1,1,18,1,Upper German
ziehen_1,1612,3.0,1,1,18,1,Upper German
ziehen_1,1650,38.0,1,1,18,1,Upper German
ziehen_1,1653,3.0,1,1,18,1,Central German
ziehen_1,1653,0.0,1,0,18,1,Central German
ziehen_1,1653,0.0,1,1,18,1,Central German
ziehen_1,1653,0.0,1,1,18,1,Central German
ziehen_1,1658,5.0,0,1,18,1,Upper German
ziehen_1,1660,2.0,1,1,18,1,Upper German
ziehen_1,1664,4.0,1,1,18,1,Central German
ziehen_1,1664,0.0,1,1,18,1,Central German
ziehen_1,1664,0.0,1,1,18,1,Central German
ziehen_1,1664,0.0,0,1,18,1,Central German
ziehen_1,1668,4.0,1,1,18,1,Upper German
ziehen_1,1668,0.0,1,1,18,1,Upper German
ziehen_1,1678,10.0,0,1,18,1,Central German
ziehen_1,1678,0.0,1,1,18,1,Central German
ziehen_1,1680,2.0,0,1,18,1,Upper German
ziehen_1,1681,1.0,0,1,18,1,Central German
ziehen_1,1681,0.0,1,1,18,1,Central German
ziehen_1,1684,3.0,1,1,18,1,Upper German
ziehen_1,1684,0.0,1,1,18,1,Upper German
ziehen_1,1684,0.0,1,1,18,1,Upper German
ziehen_1,1684,0.0,0,1,18,1,Upper German
ziehen_1,1684,0.0,1,1,18,1,Upper German
ziehen_1,1698,14.0,0,1,18,1,Upper German
ziehen_2,1325,0.0,0,1,18,2,Upper German
ziehen_2,1360,35.0,1,1,18,2,Upper German
ziehen_2,1378,18.0,1,1,18,2,Central German
ziehen_2,1392,14.0,1,1,18,2,Upper German
ziehen_2,1400,8.0,1,1,18,2,Upper German
ziehen_2,1400,0.0,1,1,18,2,Upper German
ziehen_2,1450,50.0,1,1,18,2,Upper German
ziehen_2,1450,0.0,1,1,18,2,Upper German
ziehen_2,1475,25.0,1,1,18,2,Central German
ziehen_2,1486,11.0,1,1,18,2,Upper German
ziehen_2,1486,0.0,1,1,18,2,Upper German
ziehen_2,1490,4.0,1,1,18,2,Upper German
ziehen_2,1497,7.0,1,1,18,2,Upper German
ziehen_2,1497,0.0,1,1,18,2,Upper German
ziehen_2,1557,60.0,1,0,18,2,Upper German
ziehen_2,1578,21.0,1,0,18,2,Upper German
ziehen_2,1587,9.0,1,0,18,2,Upper German
ziehen_2,1599,12.0,1,0,18,2,Central German
ziehen_2,1650,51.0,1,0,18,2,Upper German
ziehen_2,1650,0.0,1,0,18,2,Upper German
ziehen_2,1660,10.0,1,0,18,2,Upper German
ziehen_2,1668,8.0,1,0,18,2,Upper German
ziehen_2,1678,10.0,1,0,18,2,Upper German
ziehen_3,1325,0.0,1,1,18,3,Low German
ziehen_3,1325,0.0,0,1,18,3,Low German
ziehen_3,1325,0.0,1,1,18,3,Upper German
ziehen_3,1325,0.0,0,1,18,3,Upper German
ziehen_3,1325,0.0,0,1,18,3,Upper German
ziehen_3,1350,25.0,1,1,18,3,Upper German
ziehen_3,1350,0.0,1,1,18,3,Upper German
ziehen_3,1350,0.0,1,1,18,3,Upper German
ziehen_3,1350,0.0,0,1,18,3,Upper German
ziehen_3,1350,0.0,1,1,18,3,Upper German
ziehen_3,1350,0.0,0,1,18,3,Upper German
ziehen_3,1350,0.0,1,1,18,3,Upper German
ziehen_3,1350,0.0,0,1,18,3,Upper German
ziehen_3,1375,25.0,0,1,18,3,Low German
ziehen_3,1375,0.0,1,1,18,3,Upper German
ziehen_3,1375,0.0,1,1,18,3,Upper German
ziehen_3,1375,0.0,1,1,18,3,Upper German
ziehen_3,1375,0.0,1,1,18,3,Upper German
ziehen_3,1375,0.0,1,1,18,3,Upper German
ziehen_3,1375,0.0,0,1,18,3,Upper German
ziehen_3,1375,0.0,1,1,18,3,Upper German
ziehen_3,1375,0.0,0,1,18,3,Upper German
ziehen_3,1375,0.0,1,1,18,3,Upper German
ziehen_3,1384,9.0,0,1,18,3,Upper German
ziehen_3,1384,0.0,1,1,18,3,Upper German
ziehen_3,1392,8.0,1,1,18,3,Upper German
ziehen_3,1392,0.0,0,0,18,3,Upper German
ziehen_3,1392,0.0,1,1,18,3,Upper German
ziehen_3,1392,0.0,1,1,18,3,Upper German
ziehen_3,1396,4.0,0,1,18,3,Central German
ziehen_3,1400,4.0,1,1,18,3,Upper German
ziehen_3,1400,0.0,1,1,18,3,Upper German
ziehen_3,1450,50.0,0,1,18,3,Central German
ziehen_3,1450,0.0,1,1,18,3,Upper German
ziehen_3,1450,0.0,1,1,18,3,Upper German
ziehen_3,1450,0.0,1,1,18,3,Upper German
ziehen_3,1450,0.0,1,1,18,3,Upper German
ziehen_3,1450,0.0,1,1,18,3,Upper German
ziehen_3,1450,0.0,1,1,18,3,Upper German
ziehen_3,1450,0.0,1,1,18,3,Upper German
ziehen_3,1475,25.0,1,1,18,3,Upper German
ziehen_3,1475,0.0,0,1,18,3,Upper German
ziehen_3,1475,0.0,1,1,18,3,Upper German
ziehen_3,1475,0.0,1,0,18,3,Upper German
ziehen_3,1475,0.0,1,1,18,3,Upper German
ziehen_3,1475,0.0,1,1,18,3,Upper German
ziehen_3,1475,0.0,1,1,18,3,Upper German
ziehen_3,1475,0.0,1,1,18,3,Upper German
ziehen_3,1475,0.0,1,1,18,3,Upper German
ziehen_3,1475,0.0,1,1,18,3,Upper German
ziehen_3,1475,0.0,1,1,18,3,Upper German
ziehen_3,1475,0.0,1,1,18,3,Upper German
ziehen_3,1475,0.0,1,1,18,3,Upper German
ziehen_3,1475,0.0,1,1,18,3,Upper German
ziehen_3,1475,0.0,1,1,18,3,Upper German
ziehen_3,1475,0.0,1,0,18,3,Upper German
ziehen_3,1475,0.0,1,1,18,3,Upper German
ziehen_3,1475,0.0,1,1,18,3,Upper German
ziehen_3,1475,0.0,1,1,18,3,Upper German
ziehen_3,1475,0.0,1,1,18,3,Upper German
ziehen_3,1475,0.0,1,1,18,3,Upper German
ziehen_3,1475,0.0,1,0,18,3,Upper German
ziehen_3,1475,0.0,1,1,18,3,Upper German
ziehen_3,1475,0.0,1,1,18,3,Upper German
ziehen_3,1475,0.0,0,1,18,3,Upper German
ziehen_3,1475,0.0,1,1,18,3,Upper German
ziehen_3,1475,0.0,1,1,18,3,Upper German
ziehen_3,1475,0.0,1,1,18,3,Upper German
ziehen_3,1475,0.0,1,0,18,3,Upper German
ziehen_3,1475,0.0,1,1,18,3,Low German
ziehen_3,1475,0.0,1,0,18,3,Upper German
ziehen_3,1475,0.0,1,1,18,3,Upper German
ziehen_3,1475,0.0,1,1,18,3,Upper German
ziehen_3,1475,0.0,0,1,18,3,Upper German
ziehen_3,1475,0.0,0,1,18,3,Upper German
ziehen_3,1475,0.0,0,1,18,3,Upper German
ziehen_3,1475,0.0,1,1,18,3,Upper German
ziehen_3,1475,0.0,1,1,18,3,Upper German
ziehen_3,1475,0.0,1,1,18,3,Upper German
ziehen_3,1475,0.0,1,1,18,3,Upper German
ziehen_3,1475,0.0,1,1,18,3,Upper German
ziehen_3,1475,0.0,0,1,18,3,Central German
ziehen_3,1475,0.0,0,1,18,3,Central German
ziehen_3,1475,0.0,1,1,18,3,Central German
ziehen_3,1475,0.0,0,1,18,3,Central German
ziehen_3,1475,0.0,1,1,18,3,Central German
ziehen_3,1475,0.0,0,1,18,3,Upper German
ziehen_3,1475,0.0,1,1,18,3,Upper German
ziehen_3,1475,0.0,1,1,18,3,Upper German
ziehen_3,1475,0.0,1,1,18,3,Upper German
ziehen_3,1475,0.0,0,1,18,3,Upper German
ziehen_3,1475,0.0,1,1,18,3,Upper German
ziehen_3,1475,0.0,1,1,18,3,Upper German
ziehen_3,1475,0.0,1,1,18,3,Upper German
ziehen_3,1475,0.0,1,1,18,3,Upper German
ziehen_3,1475,0.0,1,1,18,3,Upper German
ziehen_3,1475,0.0,1,1,18,3,Upper German
ziehen_3,1475,0.0,0,0,18,3,Upper German
ziehen_3,1475,0.0,1,1,18,3,Upper German
ziehen_3,1475,0.0,1,1,18,3,Upper German
ziehen_3,1475,0.0,1,1,18,3,Upper German
ziehen_3,1475,0.0,1,1,18,3,Upper German
ziehen_3,1475,0.0,1,1,18,3,Upper German
ziehen_3,1475,0.0,1,1,18,3,Upper German
ziehen_3,1475,0.0,1,1,18,3,Upper German
ziehen_3,1475,0.0,1,1,18,3,Upper German
ziehen_3,1475,0.0,0,1,18,3,Upper German
ziehen_3,1475,0.0,1,1,18,3,Upper German
ziehen_3,1475,0.0,1,1,18,3,Upper German
ziehen_3,1475,0.0,1,0,18,3,Upper German
ziehen_3,1475,0.0,1,1,18,3,Upper German
ziehen_3,1475,0.0,0,1,18,3,Central German
ziehen_3,1485,10.0,1,1,18,3,Upper German
ziehen_3,1485,0.0,1,1,18,3,Upper German
ziehen_3,1486,1.0,1,1,18,3,Upper German
ziehen_3,1486,0.0,1,1,18,3,Upper German
ziehen_3,1486,0.0,1,1,18,3,Upper German
ziehen_3,1498,12.0,0,1,18,3,Upper German
ziehen_3,1525,27.0,0,1,18,3,Central German
ziehen_3,1525,0.0,1,1,18,3,Central German
ziehen_3,1525,0.0,1,1,18,3,Upper German
ziehen_3,1525,0.0,0,1,18,3,Upper German
ziehen_3,1525,0.0,1,0,18,3,Upper German
ziehen_3,1525,0.0,0,1,18,3,Upper German
ziehen_3,1525,0.0,1,1,18,3,Upper German
ziehen_3,1525,0.0,1,1,18,3,Upper German
ziehen_3,1525,0.0,0,1,18,3,Central German
ziehen_3,1525,0.0,1,1,18,3,Central German
ziehen_3,1525,0.0,1,1,18,3,Central German
ziehen_3,1525,0.0,0,1,18,3,Central German
ziehen_3,1546,21.0,0,0,18,3,Central German
ziehen_3,1549,3.0,0,1,18,3,Central German
ziehen_3,1549,0.0,0,1,18,3,Upper German
ziehen_3,1550,1.0,1,1,18,3,Upper German
ziehen_3,1550,0.0,1,1,18,3,Upper German
ziehen_3,1550,0.0,1,1,18,3,Upper German
ziehen_3,1550,0.0,1,1,18,3,Upper German
ziehen_3,1551,1.0,1,1,18,3,Upper German
ziehen_3,1551,0.0,0,1,18,3,Central German
ziehen_3,1553,2.0,1,0,18,3,Central German
ziehen_3,1556,3.0,0,0,18,3,Upper German
ziehen_3,1556,0.0,1,1,18,3,Central German
ziehen_3,1557,1.0,1,1,18,3,Upper German
ziehen_3,1557,0.0,0,0,18,3,Upper German
ziehen_3,1578,21.0,0,1,18,3,Upper German
ziehen_3,1582,4.0,0,1,18,3,Upper German
ziehen_3,1599,17.0,0,1,18,3,Central German
ziehen_3,1599,0.0,0,0,18,3,Central German
ziehen_3,1599,0.0,0,0,18,3,Central German
ziehen_3,1611,12.0,0,1,18,3,Upper German
ziehen_3,1613,2.0,0,1,18,3,Upper German
ziehen_3,1613,0.0,0,1,18,3,Upper German
ziehen_3,1660,47.0,0,1,18,3,Upper German
ziehen_3,1660,0.0,0,1,18,3,Upper German
ziehen_3,1660,0.0,1,1,18,3,Upper German
ziehen_3,1668,8.0,0,1,18,3,Upper German
ziehen_3,1668,0.0,0,1,18,3,Upper German
ziehen_3,1678,10.0,0,0,18,3,Central German
ziehen_3,1698,20.0,1,0,18,3,Upper German
ziehen_3,1698,0.0,0,1,18,3,Upper German
ziehen_4,1325,0.0,1,1,18,4,Low German
ziehen_4,1325,0.0,1,1,18,4,Upper German
ziehen_4,1350,25.0,1,1,18,4,Upper German
ziehen_4,1350,0.0,1,1,18,4,Upper German
ziehen_4,1375,25.0,1,1,18,4,Upper German
ziehen_4,1375,0.0,1,1,18,4,Upper German
ziehen_4,1375,0.0,1,1,18,4,Upper German
ziehen_4,1378,3.0,1,1,18,4,Central German
ziehen_4,1384,6.0,1,1,18,4,Upper German
ziehen_4,1390,6.0,1,1,18,4,Upper German
ziehen_4,1400,10.0,1,1,18,4,Upper German
ziehen_4,1450,50.0,1,1,18,4,Low German
ziehen_4,1450,0.0,1,1,18,4,Upper German
ziehen_4,1463,13.0,1,1,18,4,Upper German
ziehen_4,1475,12.0,1,1,18,4,Upper German
ziehen_4,1475,0.0,1,1,18,4,Upper German
ziehen_4,1475,0.0,1,1,18,4,Upper German
ziehen_4,1475,0.0,1,1,18,4,Upper German
ziehen_4,1475,0.0,1,1,18,4,Upper German
ziehen_4,1475,0.0,1,1,18,4,Upper German
ziehen_4,1475,0.0,1,1,18,4,Upper German
ziehen_4,1475,0.0,1,1,18,4,Upper German
ziehen_4,1475,0.0,1,1,18,4,Upper German
ziehen_4,1475,0.0,0,1,18,4,Low German
ziehen_4,1475,0.0,1,1,18,4,Upper German
ziehen_4,1475,0.0,1,1,18,4,Upper German
ziehen_4,1475,0.0,1,1,18,4,Upper German
ziehen_4,1475,0.0,1,1,18,4,Upper German
ziehen_4,1475,0.0,1,1,18,4,Upper German
ziehen_4,1475,0.0,1,1,18,4,Central German
ziehen_4,1475,0.0,1,1,18,4,Central German
ziehen_4,1475,0.0,1,1,18,4,Central German
ziehen_4,1475,0.0,1,1,18,4,Upper German
ziehen_4,1475,0.0,1,1,18,4,Upper German
ziehen_4,1475,0.0,1,1,18,4,Upper German
ziehen_4,1475,0.0,1,1,18,4,Upper German
ziehen_4,1475,0.0,1,1,18,4,Upper German
ziehen_4,1475,0.0,1,1,18,4,Upper German
ziehen_4,1475,0.0,1,1,18,4,Upper German
ziehen_4,1475,0.0,1,1,18,4,Upper German
ziehen_4,1475,0.0,1,1,18,4,Upper German
ziehen_4,1486,11.0,1,1,18,4,Upper German
ziehen_4,1490,4.0,1,1,18,4,Upper German
ziehen_4,1498,8.0,1,1,18,4,Upper German
ziehen_4,1499,1.0,1,1,18,4,Central German
ziehen_4,1525,26.0,1,1,18,4,Central German
ziehen_4,1525,0.0,1,1,18,4,Upper German
ziehen_4,1525,0.0,1,1,18,4,Upper German
ziehen_4,1525,0.0,1,1,18,4,Upper German
ziehen_4,1525,0.0,1,1,18,4,Central German
ziehen_4,1525,0.0,1,1,18,4,Central German
ziehen_4,1550,25.0,1,1,18,4,Upper German
ziehen_4,1557,7.0,1,1,18,4,Upper German
ziehen_4,1575,18.0,1,1,18,4,Upper German
ziehen_4,1578,3.0,1,1,18,4,Upper German
ziehen_4,1582,4.0,1,1,18,4,Upper German
ziehen_4,1599,17.0,1,1,18,4,Central German
ziehen_4,1604,5.0,1,1,18,4,Upper German
ziehen_4,1608,4.0,0,1,18,4,Upper German
ziehen_4,1611,3.0,1,1,18,4,Upper German
ziehen_4,1650,39.0,1,1,18,4,Upper German
ziehen_4,1660,10.0,1,1,18,4,Upper German
ziehen_4,1664,4.0,1,1,18,4,Central German
ziehen_4,1668,4.0,1,1,18,4,Upper German
ziehen_4,1678,10.0,1,1,18,4,Upper German
ziehen_4,1679,1.0,0,1,18,4,Central German
ziehen_4,1680,1.0,1,1,18,4,Upper German
ziehen_4,1684,4.0,1,1,18,4,Upper German
ziehen_4,1734,50.0,1,1,18,4,Central German
ziehen_4,1756,22.0,1,1,18,4,Central German
zièhen_1,1050,0.0,1,1,19,1,Upper German
zièhen_1,1050,0.0,1,1,19,1,Upper German
zièhen_1,1050,0.0,1,1,19,1,Upper German
zièhen_1,1050,0.0,1,1,19,1,Upper German
zièhen_1,1050,0.0,1,1,19,1,Upper German
zièhen_1,1050,0.0,1,1,19,1,Upper German
zièhen_1,1063,13.0,1,1,19,1,Central German
zièhen_1,1063,0.0,1,1,19,1,Central German
zièhen_1,1063,0.0,1,1,19,1,Central German
zièhen_1,1065,2.0,1,1,19,1,Upper German
zièhen_1,1065,0.0,1,1,19,1,Upper German
zièhen_1,1065,0.0,1,1,19,1,Upper German
zièhen_1,1100,35.0,1,1,19,1,Central German
zièhen_1,1120,20.0,1,1,19,1,Upper German
zièhen_1,1125,5.0,1,1,19,1,Upper German
zièhen_1,1125,0.0,1,1,19,1,Upper German
zièhen_1,1127,2.0,1,1,19,1,Upper German
zièhen_1,1130,3.0,1,1,19,1,Upper German
zièhen_1,1140,10.0,1,1,19,1,Upper German
zièhen_1,1140,0.0,1,1,19,1,Upper German
zièhen_1,1140,0.0,1,1,19,1,Upper German
zièhen_1,1150,10.0,1,1,19,1,Upper German
zièhen_1,1150,0.0,1,1,19,1,Central German
zièhen_1,1150,0.0,1,1,19,1,Upper German
zièhen_1,1150,0.0,1,1,19,1,Central German
zièhen_1,1150,0.0,1,1,19,1,Upper German
zièhen_1,1150,0.0,1,1,19,1,Central German
zièhen_1,1150,0.0,1,1,19,1,Central German
zièhen_1,1150,0.0,1,1,19,1,Upper German
zièhen_1,1150,0.0,0,1,19,1,Upper German
zièhen_1,1150,0.0,1,1,19,1,Upper German
zièhen_1,1150,0.0,1,1,19,1,Upper German
zièhen_1,1150,0.0,1,1,19,1,Upper German
zièhen_1,1150,0.0,1,1,19,1,Upper German
zièhen_1,1150,0.0,1,1,19,1,Upper German
zièhen_1,1150,0.0,1,1,19,1,Upper German
zièhen_1,1150,0.0,1,1,19,1,Upper German
zièhen_1,1160,10.0,1,1,19,1,Central German
zièhen_1,1160,0.0,1,1,19,1,Central German
zièhen_1,1160,0.0,1,1,19,1,Upper German
zièhen_1,1160,0.0,1,1,19,1,Upper German
zièhen_1,1160,0.0,1,1,19,1,Upper German
zièhen_1,1160,0.0,1,1,19,1,Upper German
zièhen_1,1172,12.0,1,1,19,1,Upper German
zièhen_1,1172,0.0,1,1,19,1,Upper German
zièhen_1,1172,0.0,1,1,19,1,Upper German
zièhen_1,1172,0.0,1,1,19,1,Central German
zièhen_1,1175,3.0,1,1,19,1,Upper German
zièhen_1,1180,5.0,1,1,19,1,Upper German
zièhen_1,1190,10.0,1,1,19,1,Upper German
zièhen_1,1190,0.0,0,1,19,1,Upper German
zièhen_1,1190,0.0,1,1,19,1,Upper German
zièhen_1,1190,0.0,1,1,19,1,Upper German
zièhen_1,1190,0.0,1,1,19,1,Upper German
zièhen_1,1190,0.0,1,1,19,1,Upper German
zièhen_1,1195,5.0,1,1,19,1,Upper German
zièhen_1,1200,5.0,1,1,19,1,Central German
zièhen_1,1200,0.0,1,1,19,1,Central German
zièhen_1,1200,0.0,1,1,19,1,Upper German
zièhen_1,1200,0.0,1,1,19,1,Upper German
zièhen_1,1200,0.0,1,1,19,1,Upper German
zièhen_1,1200,0.0,1,1,19,1,Upper German
zièhen_1,1200,0.0,1,1,19,1,Upper German
zièhen_1,1210,10.0,1,1,19,1,Upper German
zièhen_1,1220,10.0,1,1,19,1,Upper German
zièhen_1,1220,0.0,1,1,19,1,Upper German
zièhen_1,1220,0.0,1,1,19,1,Upper German
zièhen_1,1225,5.0,1,1,19,1,Upper German
zièhen_1,1225,0.0,0,1,19,1,Central German
zièhen_1,1225,0.0,1,1,19,1,Upper German
zièhen_1,1225,0.0,1,1,19,1,Upper German
zièhen_1,1225,0.0,1,1,19,1,Central German
zièhen_1,1225,0.0,1,1,19,1,Central German
zièhen_1,1225,0.0,1,1,19,1,Central German
zièhen_1,1225,0.0,1,1,19,1,Central German
zièhen_1,1225,0.0,1,1,19,1,Upper German
zièhen_1,1225,0.0,1,1,19,1,Upper German
zièhen_1,1225,0.0,1,1,19,1,Upper German
zièhen_1,1225,0.0,1,1,19,1,Central German
zièhen_1,1225,0.0,1,1,19,1,Upper German
zièhen_1,1225,0.0,1,1,19,1,Central German
zièhen_1,1225,0.0,1,1,19,1,Upper German
zièhen_1,1225,0.0,1,1,19,1,Upper German
zièhen_1,1225,0.0,1,1,19,1,Upper German
zièhen_1,1225,0.0,1,1,19,1,Upper German
zièhen_1,1225,0.0,1,1,19,1,Upper German
zièhen_1,1225,0.0,1,1,19,1,Central German
zièhen_1,1225,0.0,0,1,19,1,Central German
zièhen_1,1225,0.0,1,1,19,1,Central German
zièhen_1,1225,0.0,1,1,19,1,Central German
zièhen_1,1250,25.0,1,1,19,1,Upper German
zièhen_1,1250,0.0,1,1,19,1,Upper German
zièhen_1,1250,0.0,1,1,19,1,Upper German
zièhen_1,1250,0.0,1,1,19,1,Upper German
zièhen_1,1250,0.0,1,1,19,1,Upper German
zièhen_1,1250,0.0,1,1,19,1,Upper German
zièhen_1,1250,0.0,1,1,19,1,Central German
zièhen_1,1250,0.0,1,1,19,1,Upper German
zièhen_1,1250,0.0,1,1,19,1,Upper German
zièhen_1,1250,0.0,1,1,19,1,Central German
zièhen_1,1250,0.0,1,1,19,1,Upper German
zièhen_1,1250,0.0,1,1,19,1,Central German
zièhen_1,1250,0.0,1,1,19,1,Central German
zièhen_1,1272,22.0,1,1,19,1,Upper German
zièhen_1,1272,0.0,1,1,19,1,Upper German
zièhen_1,1272,0.0,1,1,19,1,Upper German
zièhen_1,1272,0.0,0,1,19,1,Upper German
zièhen_1,1272,0.0,1,1,19,1,Upper German
zièhen_1,1272,0.0,1,1,19,1,Upper German
zièhen_1,1275,3.0,1,1,19,1,Upper German
zièhen_1,1275,0.0,1,1,19,1,Upper German
zièhen_1,1275,0.0,1,1,19,1,Central German
zièhen_1,1275,0.0,1,1,19,1,Central German
zièhen_1,1275,0.0,1,1,19,1,Central German
zièhen_1,1275,0.0,1,1,19,1,Upper German
zièhen_1,1275,0.0,1,1,19,1,Upper German
zièhen_1,1276,1.0,1,1,19,1,Upper German
zièhen_1,1276,0.0,1,1,19,1,Upper German
zièhen_1,1280,4.0,1,1,19,1,Upper German
zièhen_1,1293,13.0,1,1,19,1,Upper German
zièhen_1,1300,7.0,1,1,19,1,Upper German
zièhen_1,1300,0.0,1,1,19,1,Upper German
zièhen_1,1300,0.0,1,1,19,1,Upper German
zièhen_1,1300,0.0,1,1,19,1,Upper German
zièhen_1,1300,0.0,1,1,19,1,Upper German
zièhen_1,1301,1.0,1,1,19,1,Upper German
zièhen_1,1301,0.0,1,1,19,1,Upper German
zièhen_1,1301,0.0,1,1,19,1,Upper German
zièhen_1,1301,0.0,1,1,19,1,Upper German
zièhen_1,1310,9.0,1,1,19,1,Upper German
zièhen_1,1325,15.0,1,1,19,1,Upper German
zièhen_1,1325,0.0,1,1,19,1,Upper German
zièhen_1,1325,0.0,1,1,19,1,Upper German
zièhen_1,1325,0.0,1,1,19,1,Central German
zièhen_1,1325,0.0,1,1,19,1,Upper German
zièhen_1,1325,0.0,1,1,19,1,Central German
zièhen_1,1325,0.0,1,1,19,1,Central German
zièhen_1,1325,0.0,1,1,19,1,Upper German
zièhen_1,1325,0.0,0,1,19,1,Upper German
zièhen_1,1328,3.0,1,1,19,1,Upper German
zièhen_1,1328,0.0,1,1,19,1,Upper German
zièhen_1,1336,8.0,1,1,19,1,Upper German
zièhen_1,1342,6.0,1,1,19,1,Upper German
zièhen_1,1342,0.0,1,1,19,1,Upper German
zièhen_1,1347,5.0,1,1,19,1,Upper German
zièhen_1,1350,3.0,1,1,19,1,Central German
zièhen_1,1350,0.0,1,1,19,1,Central German
zièhen_1,1350,0.0,1,1,19,1,Central German
zièhen_1,1350,0.0,1,1,19,1,Central German
zièhen_1,1350,0.0,0,1,19,1,Central German
zièhen_1,1350,0.0,1,1,19,1,Central German
zièhen_1,1350,0.0,1,1,19,1,Upper German
zièhen_1,1350,0.0,1,1,19,1,Upper German
zièhen_1,1350,0.0,1,1,19,1,Upper German
zièhen_1,1350,0.0,1,1,19,1,Upper German
zièhen_1,1350,0.0,1,1,19,1,Central German
zièhen_1,1350,0.0,1,1,19,1,Central German
zièhen_2,1050,0.0,1,1,19,2,Upper German
zièhen_2,1080,30.0,1,1,19,2,Central German
zièhen_2,1100,20.0,1,1,19,2,Central German
zièhen_2,1100,0.0,1,1,19,2,Central German
zièhen_2,1125,25.0,1,1,19,2,Upper German
zièhen_2,1125,0.0,1,1,19,2,Upper German
zièhen_2,1130,5.0,1,1,19,2,Upper German
zièhen_2,1130,0.0,1,1,19,2,Upper German
zièhen_2,1140,10.0,1,1,19,2,Upper German
zièhen_2,1140,0.0,1,1,19,2,Upper German
zièhen_2,1140,0.0,1,1,19,2,Upper German
zièhen_2,1140,0.0,1,1,19,2,Upper German
zièhen_2,1140,0.0,1,1,19,2,Upper German
zièhen_2,1140,0.0,1,1,19,2,Upper German
zièhen_2,1140,0.0,1,1,19,2,Upper German
zièhen_2,1150,10.0,1,1,19,2,Upper German
zièhen_2,1150,0.0,1,1,19,2,Upper German
zièhen_2,1150,0.0,1,1,19,2,Upper German
zièhen_2,1150,0.0,1,1,19,2,Central German
zièhen_2,1150,0.0,1,1,19,2,Upper German
zièhen_2,1150,0.0,1,1,19,2,Upper German
zièhen_2,1150,0.0,1,1,19,2,Upper German
zièhen_2,1150,0.0,1,1,19,2,Upper German
zièhen_2,1150,0.0,1,1,19,2,Upper German
zièhen_2,1160,10.0,1,0,19,2,Central German
zièhen_2,1172,12.0,1,1,19,2,Upper German
zièhen_2,1172,0.0,1,1,19,2,Upper German
zièhen_2,1180,8.0,1,1,19,2,Upper German
zièhen_2,1190,10.0,1,1,19,2,Upper German
zièhen_2,1190,0.0,1,1,19,2,Upper German
zièhen_2,1195,5.0,1,1,19,2,Upper German
zièhen_2,1200,5.0,1,1,19,2,Upper German
zièhen_2,1200,0.0,1,1,19,2,Upper German
zièhen_2,1210,10.0,1,1,19,2,Upper German
zièhen_2,1210,0.0,1,1,19,2,Upper German
zièhen_2,1220,10.0,1,1,19,2,Upper German
zièhen_2,1220,0.0,1,1,19,2,Upper German
zièhen_2,1225,5.0,1,1,19,2,Upper German
zièhen_2,1225,0.0,1,1,19,2,Central German
zièhen_2,1225,0.0,1,1,19,2,Upper German
zièhen_2,1225,0.0,1,1,19,2,Upper German
zièhen_2,1225,0.0,1,1,19,2,Upper German
zièhen_2,1225,0.0,1,1,19,2,Central German
zièhen_2,1225,0.0,1,1,19,2,Upper German
zièhen_2,1225,0.0,1,1,19,2,Upper German
zièhen_2,1225,0.0,1,1,19,2,Upper German
zièhen_2,1225,0.0,1,1,19,2,Central German
zièhen_2,1240,15.0,1,1,19,2,Upper German
zièhen_2,1250,10.0,1,1,19,2,Upper German
zièhen_2,1250,0.0,1,1,19,2,Upper German
zièhen_2,1250,0.0,1,1,19,2,Upper German
zièhen_2,1250,0.0,1,1,19,2,Upper German
zièhen_2,1250,0.0,1,1,19,2,Upper German
zièhen_2,1250,0.0,1,1,19,2,Central German
zièhen_2,1250,0.0,1,1,19,2,Upper German
zièhen_2,1269,19.0,1,1,19,2,Central German
zièhen_2,1269,0.0,1,1,19,2,Central German
zièhen_2,1274,5.0,1,1,19,2,Upper German
zièhen_2,1285,11.0,1,1,19,2,Upper German
zièhen_2,1293,8.0,1,1,19,2,Upper German
zièhen_2,1295,2.0,1,0,19,2,Central German
zièhen_2,1298,3.0,1,1,19,2,Central German
zièhen_2,1300,2.0,1,1,19,2,Upper German
zièhen_2,1300,0.0,1,1,19,2,Central German
zièhen_2,1300,0.0,1,1,19,2,Upper German
zièhen_2,1301,1.0,1,1,19,2,Upper German
zièhen_2,1325,24.0,0,1,19,2,Central German
zièhen_2,1325,0.0,1,1,19,2,Upper German
zièhen_2,1325,0.0,1,1,19,2,Central German
zièhen_2,1325,0.0,1,1,19,2,Central German
zièhen_2,1325,0.0,1,0,19,2,Upper German
zièhen_2,1336,11.0,1,1,19,2,Upper German
zièhen_2,1340,4.0,1,1,19,2,Upper German
zièhen_2,1350,10.0,1,1,19,2,Central German
zièhen_3,1050,0.0,1,1,19,3,Upper German
zièhen_3,1050,0.0,1,1,19,3,Upper German
zièhen_3,1050,0.0,1,1,19,3,Upper German
zièhen_3,1127,77.0,1,1,19,3,Upper German
zièhen_3,1127,0.0,1,1,19,3,Upper German
zièhen_3,1130,3.0,1,1,19,3,Upper German
zièhen_3,1130,0.0,0,1,19,3,Upper German
zièhen_3,1140,10.0,1,1,19,3,Upper German
zièhen_3,1140,0.0,0,1,19,3,Central German
zièhen_3,1140,0.0,1,1,19,3,Upper German
zièhen_3,1140,0.0,0,1,19,3,Central German
zièhen_3,1150,10.0,0,1,19,3,Upper German
zièhen_3,1150,0.0,1,1,19,3,Low German
zièhen_3,1150,0.0,1,1,19,3,Upper German
zièhen_3,1150,0.0,1,1,19,3,Upper German
zièhen_3,1150,0.0,1,1,19,3,Upper German
zièhen_3,1150,0.0,1,1,19,3,Upper German
zièhen_3,1150,0.0,1,1,19,3,Upper German
zièhen_3,1150,0.0,0,1,19,3,Upper German
zièhen_3,1160,10.0,0,1,19,3,Central German
zièhen_3,1160,0.0,1,1,19,3,Central German
zièhen_3,1172,12.0,1,1,19,3,Upper German
zièhen_3,1175,3.0,1,1,19,3,Central German
zièhen_3,1175,0.0,0,1,19,3,Upper German
zièhen_3,1190,15.0,1,1,19,3,Upper German
zièhen_3,1190,0.0,0,1,19,3,Upper German
zièhen_3,1190,0.0,0,1,19,3,Upper German
zièhen_3,1190,0.0,0,1,19,3,Upper German
zièhen_3,1190,0.0,0,1,19,3,Upper German
zièhen_3,1195,5.0,0,1,19,3,Upper German
zièhen_3,1195,0.0,0,1,19,3,Upper German
zièhen_3,1200,5.0,1,1,19,3,Upper German
zièhen_3,1200,0.0,1,1,19,3,Upper German
zièhen_3,1200,0.0,1,1,19,3,Upper German
zièhen_3,1200,0.0,0,1,19,3,Upper German
zièhen_3,1200,0.0,0,1,19,3,Upper German
zièhen_3,1225,25.0,0,1,19,3,Upper German
zièhen_3,1225,0.0,1,1,19,3,Upper German
zièhen_3,1225,0.0,0,1,19,3,Upper German
zièhen_3,1225,0.0,1,1,19,3,Upper German
zièhen_3,1225,0.0,1,1,19,3,Upper German
zièhen_3,1225,0.0,1,1,19,3,Upper German
zièhen_3,1225,0.0,0,1,19,3,Central German
zièhen_3,1250,25.0,0,1,19,3,Central German
zièhen_3,1250,0.0,0,1,19,3,Upper German
zièhen_3,1250,0.0,1,1,19,3,Upper German
zièhen_3,1269,19.0,0,1,19,3,Central German
zièhen_3,1272,3.0,0,1,19,3,Upper German
zièhen_3,1274,2.0,0,1,19,3,Upper German
zièhen_3,1275,1.0,0,1,19,3,Central German
zièhen_3,1285,10.0,0,1,19,3,Upper German
zièhen_3,1293,8.0,0,1,19,3,Upper German
zièhen_3,1300,7.0,0,1,19,3,Upper German
zièhen_3,1301,1.0,1,1,19,3,Upper German
zièhen_3,1301,0.0,1,1,19,3,Upper German
zièhen_3,1301,0.0,1,1,19,3,Upper German
zièhen_3,1325,24.0,0,1,19,3,Upper German
zièhen_3,1325,0.0,1,1,19,3,Central German
zièhen_3,1325,0.0,0,1,19,3,Upper German
zièhen_3,1328,3.0,1,1,19,3,Upper German
zièhen_3,1330,2.0,1,1,19,3,Upper German
zièhen_3,1330,0.0,1,1,19,3,Upper German
zièhen_3,1336,6.0,0,1,19,3,Upper German
zièhen_3,1350,14.0,1,1,19,3,Upper German
zièhen_4,1050,0.0,1,1,19,4,Upper German
zièhen_4,1100,50.0,1,1,19,4,Upper German
zièhen_4,1130,30.0,1,1,19,4,Upper German
zièhen_4,1140,10.0,1,1,19,4,Upper German
zièhen_4,1140,0.0,1,1,19,4,Upper German
zièhen_4,1150,10.0,1,1,19,4,Upper German
zièhen_4,1150,0.0,1,1,19,4,Upper German
zièhen_4,1150,0.0,1,1,19,4,Upper German
zièhen_4,1150,0.0,1,1,19,4,Upper German
zièhen_4,1150,0.0,1,1,19,4,Upper German
zièhen_4,1150,0.0,1,1,19,4,Upper German
zièhen_4,1160,10.0,1,1,19,4,Central German
zièhen_4,1160,0.0,1,1,19,4,Upper German
zièhen_4,1172,12.0,1,1,19,4,Upper German
zièhen_4,1172,0.0,1,0,19,4,Upper German
zièhen_4,1172,0.0,1,1,19,4,Central German
zièhen_4,1175,3.0,1,1,19,4,Upper German
zièhen_4,1190,15.0,1,1,19,4,Upper German
zièhen_4,1190,0.0,1,1,19,4,Upper German
zièhen_4,1190,0.0,1,1,19,4,Upper German
zièhen_4,1195,5.0,1,1,19,4,Upper German
zièhen_4,1200,5.0,0,1,19,4,Upper German
zièhen_4,1200,0.0,1,1,19,4,Upper German
zièhen_4,1200,0.0,1,1,19,4,Upper German
zièhen_4,1200,0.0,1,1,19,4,Upper German
zièhen_4,1210,10.0,1,1,19,4,Upper German
zièhen_4,1210,0.0,1,1,19,4,Upper German
zièhen_4,1225,15.0,1,1,19,4,Upper German
zièhen_4,1225,0.0,1,1,19,4,Upper German
zièhen_4,1225,0.0,1,1,19,4,Upper German
zièhen_4,1225,0.0,1,1,19,4,Upper German
zièhen_4,1240,15.0,1,1,19,4,Upper German
zièhen_4,1250,10.0,1,1,19,4,Central German
zièhen_4,1250,0.0,1,1,19,4,Upper German
zièhen_4,1250,0.0,1,1,19,4,Upper German
zièhen_4,1250,0.0,1,1,19,4,Upper German
zièhen_4,1250,0.0,1,1,19,4,Upper German
zièhen_4,1250,0.0,1,1,19,4,Upper German
zièhen_4,1250,0.0,1,1,19,4,Central German
zièhen_4,1269,19.0,1,1,19,4,Central German
zièhen_4,1274,5.0,1,1,19,4,Upper German
zièhen_4,1278,4.0,1,1,19,4,Central German
zièhen_4,1280,2.0,1,1,19,4,Upper German
zièhen_4,1285,5.0,1,1,19,4,Upper German
zièhen_4,1293,8.0,1,1,19,4,Upper German
zièhen_4,1295,2.0,1,1,19,4,Central German
zièhen_4,1300,5.0,1,1,19,4,Upper German
zièhen_4,1300,0.0,1,1,19,4,Upper German
zièhen_4,1301,1.0,1,1,19,4,Upper German
zièhen_4,1321,20.0,1,0,19,4,Central German
zièhen_4,1325,4.0,1,1,19,4,Central German
zièhen_4,1325,0.0,1,1,19,4,Upper German
zièhen_4,1325,0.0,1,1,19,4,Central German
zièhen_4,1325,0.0,1,1,19,4,Central German
zièhen_4,1325,0.0,1,1,19,4,Upper German
zièhen_4,1330,5.0,1,1,19,4,Upper German
zièhen_4,1340,10.0,1,1,19,4,Upper German
zièhen_4,1342,2.0,1,1,19,4,Upper German
zièhen_4,1350,8.0,1,1,19,4,Central German
zièhen_4,1350,0.0,1,1,19,4,Central German
zièhen_4,1350,0.0,1,1,19,4,Central German
zièhen_4,1350,0.0,1,1,19,4,Upper German
zièhen_4,1350,0.0,1,1,19,4,Central German
zîhen_1,1050,0.0,1,1,20,1,Upper German
zîhen_1,1050,0.0,1,1,20,1,Upper German
zîhen_1,1050,0.0,1,1,20,1,Upper German
zîhen_1,1050,0.0,1,1,20,1,Upper German
zîhen_1,1050,0.0,1,1,20,1,Upper German
zîhen_1,1120,70.0,1,1,20,1,Upper German
zîhen_1,1130,10.0,1,1,20,1,Upper German
zîhen_1,1140,10.0,1,1,20,1,Central German
zîhen_1,1140,0.0,1,1,20,1,Central German
zîhen_1,1140,0.0,1,1,20,1,Upper German
zîhen_1,1140,0.0,1,1,20,1,Upper German
zîhen_1,1140,0.0,1,1,20,1,Central German
zîhen_1,1140,0.0,1,1,20,1,Central German
zîhen_1,1140,0.0,1,1,20,1,Upper German
zîhen_1,1140,0.0,1,1,20,1,Upper German
zîhen_1,1150,10.0,1,1,20,1,Upper German
zîhen_1,1150,0.0,1,1,20,1,Upper German
zîhen_1,1150,0.0,1,1,20,1,Upper German
zîhen_1,1150,0.0,1,1,20,1,Upper German
zîhen_1,1150,0.0,1,1,20,1,Upper German
zîhen_1,1150,0.0,1,1,20,1,Upper German
zîhen_1,1160,10.0,1,1,20,1,Central German
zîhen_1,1160,0.0,1,1,20,1,Upper German
zîhen_1,1172,12.0,1,1,20,1,Upper German
zîhen_1,1172,0.0,1,1,20,1,Upper German
zîhen_1,1172,0.0,1,1,20,1,Upper German
zîhen_1,1180,8.0,1,1,20,1,Upper German
zîhen_1,1180,0.0,1,1,20,1,Upper German
zîhen_1,1180,0.0,1,1,20,1,Upper German
zîhen_1,1200,20.0,1,1,20,1,Upper German
zîhen_1,1200,0.0,1,1,20,1,Upper German
zîhen_1,1200,0.0,1,1,20,1,Upper German
zîhen_1,1200,0.0,1,1,20,1,Upper German
zîhen_1,1210,10.0,1,1,20,1,Upper German
zîhen_1,1210,0.0,1,1,20,1,Upper German
zîhen_1,1220,10.0,1,1,20,1,Upper German
zîhen_1,1225,5.0,1,1,20,1,Central German
zîhen_1,1225,0.0,1,1,20,1,Central German
zîhen_1,1225,0.0,1,1,20,1,Upper German
zîhen_1,1225,0.0,1,1,20,1,Upper German
zîhen_1,1225,0.0,1,1,20,1,Central German
zîhen_1,1225,0.0,1,1,20,1,Upper German
zîhen_1,1225,0.0,1,1,20,1,Upper German
zîhen_1,1225,0.0,1,1,20,1,Upper German
zîhen_1,1225,0.0,1,1,20,1,Upper German
zîhen_1,1225,0.0,1,1,20,1,Upper German
zîhen_1,1225,0.0,1,1,20,1,Upper German
zîhen_1,1250,25.0,1,1,20,1,Central German
zîhen_1,1250,0.0,1,1,20,1,Central German
zîhen_1,1250,0.0,1,1,20,1,Upper German
zîhen_1,1250,0.0,1,1,20,1,Upper German
zîhen_1,1250,0.0,1,1,20,1,Central German
zîhen_1,1250,0.0,1,1,20,1,Upper German
zîhen_1,1250,0.0,1,1,20,1,Upper German
zîhen_1,1250,0.0,1,1,20,1,Upper German
zîhen_1,1250,0.0,1,1,20,1,Upper German
zîhen_1,1250,0.0,1,1,20,1,Upper German
zîhen_1,1250,0.0,1,1,20,1,Upper German
zîhen_1,1250,0.0,1,1,20,1,Upper German
zîhen_1,1250,0.0,1,1,20,1,Central German
zîhen_1,1250,0.0,1,1,20,1,Central German
zîhen_1,1250,0.0,1,1,20,1,Central German
zîhen_1,1250,0.0,1,1,20,1,Upper German
zîhen_1,1250,0.0,1,1,20,1,Upper German
zîhen_1,1250,0.0,1,0,20,1,Central German
zîhen_1,1250,0.0,1,1,20,1,Central German
zîhen_1,1250,0.0,1,1,20,1,Central German
zîhen_1,1272,22.0,1,1,20,1,Upper German
zîhen_1,1272,0.0,1,1,20,1,Upper German
zîhen_1,1275,3.0,1,1,20,1,Upper German
zîhen_1,1275,0.0,1,1,20,1,Central German
zîhen_1,1276,1.0,1,1,20,1,Upper German
zîhen_1,1280,4.0,1,1,20,1,Upper German
zîhen_1,1280,0.0,1,1,20,1,Upper German
zîhen_1,1293,13.0,1,1,20,1,Upper German
zîhen_1,1300,7.0,1,1,20,1,Upper German
zîhen_1,1300,0.0,1,1,20,1,Upper German
zîhen_1,1325,25.0,1,1,20,1,Upper German
zîhen_1,1325,0.0,1,1,20,1,Central German
zîhen_1,1325,0.0,1,1,20,1,Central German
zîhen_1,1325,0.0,1,1,20,1,Central German
zîhen_1,1325,0.0,1,1,20,1,Central German
zîhen_1,1325,0.0,1,1,20,1,Central German
zîhen_1,1325,0.0,1,1,20,1,Central German
zîhen_1,1325,0.0,1,1,20,1,Central German
zîhen_1,1325,0.0,1,1,20,1,Upper German
zîhen_1,1325,0.0,1,1,20,1,Upper German
zîhen_1,1325,0.0,1,1,20,1,Upper German
zîhen_1,1325,0.0,1,1,20,1,Upper German
zîhen_1,1325,0.0,1,1,20,1,Upper German
zîhen_1,1325,0.0,1,1,20,1,Upper German
zîhen_1,1325,0.0,1,1,20,1,Upper German
zîhen_1,1341,16.0,1,1,20,1,Upper German
zîhen_1,1341,0.0,1,1,20,1,Upper German
zîhen_1,1342,1.0,1,1,20,1,Upper German
zîhen_1,1342,0.0,1,1,20,1,Upper German
zîhen_1,1350,8.0,1,1,20,1,Central German
zîhen_2,1050,0.0,1,1,20,2,Upper German
zîhen_2,1130,80.0,0,1,20,2,Upper German
zîhen_2,1140,10.0,1,1,20,2,Upper German
zîhen_2,1140,0.0,1,1,20,2,Upper German
zîhen_2,1172,32.0,1,1,20,2,Upper German
zîhen_2,1190,18.0,1,1,20,2,Upper German
zîhen_2,1210,20.0,1,1,20,2,Upper German
zîhen_2,1210,0.0,1,1,20,2,Upper German
zîhen_2,1225,15.0,1,0,20,2,Central German
zîhen_2,1225,0.0,1,1,20,2,Central German
zîhen_2,1250,25.0,1,1,20,2,Upper German
zîhen_2,1250,0.0,1,1,20,2,Upper German
zîhen_2,1250,0.0,1,1,20,2,Upper German
zîhen_2,1250,0.0,0,1,20,2,Central German
zîhen_2,1275,25.0,1,1,20,2,Central German
zîhen_2,1325,50.0,1,1,20,2,Upper German
zîhen_2,1340,15.0,1,1,20,2,Upper German
zîhen_2,1340,0.0,1,1,20,2,Upper German
zîhen_3,1050,0.0,1,1,20,3,Upper German
zîhen_3,1100,50.0,1,1,20,3,Upper German
zîhen_3,1140,40.0,1,1,20,3,Central German
zîhen_3,1140,0.0,1,1,20,3,Central German
zîhen_3,1150,10.0,1,1,20,3,Upper German
zîhen_3,1160,10.0,1,1,20,3,Central German
zîhen_3,1172,12.0,1,1,20,3,Upper German
zîhen_3,1190,18.0,1,1,20,3,Upper German
zîhen_3,1190,0.0,1,1,20,3,Upper German
zîhen_3,1200,10.0,1,1,20,3,Upper German
zîhen_3,1225,25.0,1,1,20,3,Central German
zîhen_3,1250,25.0,1,1,20,3,Upper German
zîhen_3,1250,0.0,1,1,20,3,Upper German
zîhen_3,1250,0.0,1,1,20,3,Upper German
zîhen_3,1250,0.0,1,1,20,3,Central German
zîhen_3,1250,0.0,1,1,20,3,Central German
zîhen_3,1325,75.0,1,1,20,3,Upper German
zîhen_3,1325,0.0,1,1,20,3,Central German
zîhen_4,1050,0.0,1,1,20,4,Upper German
zîhen_4,1050,0.0,1,1,20,4,Upper German
zîhen_4,1150,100.0,1,1,20,4,Upper German
zîhen_4,1160,10.0,1,1,20,4,Central German
zîhen_4,1190,30.0,1,1,20,4,Upper German
zîhen_4,1200,10.0,1,1,20,4,Upper German
zîhen_4,1200,0.0,1,1,20,4,Upper German
zîhen_4,1220,20.0,1,1,20,4,Upper German
zîhen_4,1225,5.0,1,1,20,4,Upper German
zîhen_4,1225,0.0,1,1,20,4,Central German
zîhen_4,1225,0.0,1,1,20,4,Upper German
zîhen_4,1225,0.0,1,1,20,4,Central German
zîhen_4,1250,25.0,1,1,20,4,Upper German
zîhen_4,1250,0.0,1,0,20,4,Central German
zîhen_4,1250,0.0,1,1,20,4,Upper German
zîhen_4,1250,0.0,1,1,20,4,Upper German
zîhen_4,1250,0.0,1,1,20,4,Upper German
zîhen_4,1250,0.0,1,1,20,4,Upper German
zîhen_4,1250,0.0,1,1,20,4,Central German
zîhen_4,1275,25.0,1,1,20,4,Upper German
zîhen_4,1276,1.0,1,1,20,4,Upper German
zîhen_4,1325,49.0,1,1,20,4,Central German
zîhen_4,1325,0.0,1,1,20,4,Upper German
zîhen_4,1325,0.0,1,1,20,4,Upper German
zîhen_4,1325,0.0,1,1,20,4,Central German
zîhen_4,1325,0.0,1,1,20,4,Upper German
zîhen_4,1330,5.0,1,1,20,4,Upper German
zîhen_4,1340,10.0,1,1,20,4,Upper German
